000000000001,2,ykypa,6238763705282173,,,7540,20030213233730,nakkcccoplnvmtbeezevhp
000000000002,1,zdpj,6247366715223526,,,8547,20061113095448,betyzrpghnxbnnpp
000000000003,1,dcpf,6253563705298738,,,26676,20051217192135,无
000000000004,3,mqtgqpithw,6246266705440295,uuzbjlvvuy,6238067718315303,8648,20130105115030,无
000000000005,4,uuzbjlvvuy,6238067718315303,mqtgqpithw,6246266705440295,8648,20130105115030,无
000000000006,2,zgjnjssfoq,6239367706451524,,,21099,20180215013300,无
000000000007,2,ny,6254862704250847,,,13117,20051123174207,crakjcsikjaowtaznzjvkyqeghbcwt
000000000008,3,cx,6241463709376381,dkppzqbf,6246665719416822,630,20130522084105,stsupfub
000000000009,4,dkppzqbf,6246665719416822,cx,6241463709376381,630,20130522084105,stsupfub
000000000010,1,uxcede,6247266707220189,,,28843,20090127234707,hmorwipjcdssrrwujdqvjedzyaubkn
000000000011,1,gagco,6248379807397733,,,9495,20011023034004,lyctwkwssd
000000000012,1,ux,6259760703323490,,,8357,20060413173208,rnmzqqmpcfypnnfgekqfauonin
000000000013,1,coubv,6237267707226394,,,2605,20050921122759,无
000000000014,1,lrrgazaizmo,6237066706325086,,,3623,20020917055116,无
000000000015,2,nkmqy,6238278801300520,,,17603,20080620134959,nxqzyckjck
000000000016,2,zoxttv,6250178807375251,,,2045,20190608033140,无
000000000017,1,kmdqwvgcc,6241161700449077,,,9639,20070403120949,无
000000000018,2,tqrnejtqkk,6253661707209438,,,23449,20181008191509,rxizbtukoukzlegxebdvisa
000000000019,3,phyrm,6246465706221206,linv,6253161701369227,7950,20070324193922,无
000000000020,4,linv,6253161701369227,phyrm,6246465706221206,7950,20070324193922,无
000000000021,1,kad,6243262710210668,,,21540,20060911104818,无
000000000022,1,nnzkf,6248965717331713,,,26037,20160906185916,无
000000000023,2,wn,6246566709395502,,,14598,20010820122809,gondimkvoompovztos
000000000024,2,cdw,6248761702368490,,,27081,20060728143839,无
000000000025,1,objjan,6247660712235049,,,21714,20170411035555,zswpqqoptbgud
000000000026,3,irwmcsoznif,6241862710322142,shwtytr,6251766706391636,7649,20211214161433,bnhzeelfypkot
000000000027,4,shwtytr,6251766706391636,irwmcsoznif,6241862710322142,7649,20211214161433,bnhzeelfypkot
000000000028,1,dd,6256161701241630,,,10638,20190912154953,kiicph
000000000029,2,qmoqshjuz,6232564706226343,,,16167,20110614114609,fdkmjflkonyalvcwkycdk
000000000030,3,mhgyrayxdp,6237461709205967,tvgyxbys,6241878808402345,5197,20110213095939,xos
000000000031,4,tvgyxbys,6241878808402345,mhgyrayxdp,6237461709205967,5197,20110213095939,xos
000000000032,3,vernetokxw,6238262708434878,kuzeeuuari,6253461707205798,382,20080110105747,hnztw
000000000033,4,kuzeeuuari,6253461707205798,vernetokxw,6238262708434878,382,20080110105747,hnztw
000000000034,3,hndrgffoct,6245362707285757,ldhd,6252760708357799,7582,20021005082543,vgwzcrnvtfqzx
000000000035,4,ldhd,6252760708357799,hndrgffoct,6245362707285757,7582,20021005082543,vgwzcrnvtfqzx
000000000036,3,zjkpwcrta,6266365701459287,cl,6257479816411178,3718,20000415194114,askdwfqjr
000000000037,4,cl,6257479816411178,zjkpwcrta,6266365701459287,3718,20000415194114,askdwfqjr
000000000038,3,dsxvcrqid,6247464708275802,wr,6247665710210837,4349,20131209183709,无
000000000039,4,wr,6247665710210837,dsxvcrqid,6247464708275802,4349,20131209183709,无
000000000040,2,ospenqafmrm,6253466702246577,,,26366,20061113054221,xgoxtzobcjcmvehym
000000000041,2,qeiiddvffx,6254878800423740,,,7660,20010709053224,ppvdpnvqfamhd
000000000042,3,rdwq,6252161719214202,pqdnivwv,6254678804406156,22126,20130118144544,zbmnwthkncmvrkdyxtf
000000000043,4,pqdnivwv,6254678804406156,rdwq,6252161719214202,22126,20130118144544,zbmnwthkncmvrkdyxtf
000000000044,1,stiekdtsou,6256064705370985,,,1885,20140626235042,无
000000000045,2,tikgxwah,6252863708272705,,,4551,20061110084321,无
000000000046,2,crsenjx,6264663700432621,,,12230,20181015033915,无
000000000047,2,mrlomjnrhv,6245962708286176,,,22032,20070817050818,wtfmyfkocvkujqzrk
000000000048,3,wlflxfm,6251164715231289,zenayttx,6261070804422461,6192,20091216231612,wjwzuynoexmfwzhfcxiplfps
000000000049,4,zenayttx,6261070804422461,wlflxfm,6251164715231289,6192,20091216231612,wjwzuynoexmfwzhfcxiplfps
000000000050,2,ufclu,6235578813428067,,,3020,20210801175549,bxvdmghsmufvxmtlrfgnwotrurdvsp
000000000051,1,md,6241067709248721,,,23244,20030505014119,srkimemvnbsmznjphgesapgapy
000000000052,3,qszziggsy,6264867706437964,cijy,6257762717226789,9996,20060519085331,jcqhkguakghhxbspfrzjzhkxsycp
000000000053,4,cijy,6257762717226789,qszziggsy,6264867706437964,9996,20060519085331,jcqhkguakghhxbspfrzjzhkxsycp
000000000054,2,jp,6244261700485418,,,29792,20040511131312,ftppafxswkwomtizdphhprtmagsby
000000000055,1,bulavmlrk,6255164702367731,,,21469,20070321071850,dyheyjkrzbmjygowmmteryqgtctv
000000000056,1,zj,6231265717419278,,,30637,20020404145115,sfzqqxmrkdtftfiucysgw
000000000057,2,tid,6249762701371597,,,8448,20030601052854,cyqdbsjldpztkgtik
000000000058,1,rapw,6249267708321473,,,13311,20200719102145,pevvfjvyndnmoypporsdku
000000000059,1,znwkqihn,6250463705323524,,,16849,20011011002606,无
000000000060,1,ontnin,6235161715320290,,,9512,20160418231135,vqtzvwfucarcicjqmmx
000000000061,1,fddg,6259061707382532,,,7858,20120608092917,lub
000000000062,1,wfn,6240167707221281,,,12256,20160414161904,无
000000000063,3,tqrnejtqkk,6253661707209438,elppsnfr,6237166700305088,10756,20200721112606,xe
000000000064,4,elppsnfr,6237166700305088,tqrnejtqkk,6253661707209438,10756,20200721112606,xe
000000000065,1,ymcvnb,6240961700337941,,,12547,20171208063326,无
000000000066,1,od,6245664711312193,,,16339,20200128214804,无
000000000067,1,itwcomtyvaa,6259861700338757,,,28765,20180310095628,无
000000000068,2,lciaol,6246163711224939,,,2069,20191227205756,cql
000000000069,1,plhjwayc,6242165704240059,,,12806,20120913180520,tifidekolvppxkjkvkfiwglzaatolo
000000000070,3,rq,6230763708276619,nekrhv,6259465709380462,15199,20100123113051,rihdbljykiovnvdsyctguoudgtab
000000000071,4,nekrhv,6259465709380462,rq,6230763708276619,15199,20100123113051,rihdbljykiovnvdsyctguoudgtab
000000000072,3,qmbbbrjflvd,6253878808301520,jzomqft,6241462716237979,27742,20010603215359,ndvctlu
000000000073,4,jzomqft,6241462716237979,qmbbbrjflvd,6253878808301520,27742,20010603215359,ndvctlu
000000000074,2,lakrurptm,6266962709263150,,,11222,20160917022942,ajnruiilzbjpuc
000000000075,3,lzns,6255478802292121,ypwyooqjg,6245262703300282,3840,20180301154258,vgchngxwhakwrgcmpjick
000000000076,4,ypwyooqjg,6245262703300282,lzns,6255478802292121,3840,20180301154258,vgchngxwhakwrgcmpjick
000000000077,1,lookyskmvp,6252364708499729,,,29170,20120821031853,无
000000000078,1,ewfawox,6239961716319960,,,17076,20161106221421,dkvxeeerwfhditlilathceiuikurel
000000000079,2,ruktcgltfrf,6249861718430248,,,20783,20180322042421,无
000000000080,2,cqycmi,6242862707359845,,,10324,20190609064707,imlblmi
000000000081,1,xgmh,6247462705490501,,,17257,20081012101736,无
000000000082,1,tsmogwmxyay,6267879809307980,,,28625,20000102125015,daqhcnrorihhmnnvirnxdkadsjr
000000000083,2,jp,6244261700485418,,,32073,20110315195618,无
000000000084,3,ymbcy,6246078815226933,ls,6254265703424605,23754,20170625040353,zeabtryoupldambcckrjbb
000000000085,4,ls,6254265703424605,ymbcy,6246078815226933,23754,20170625040353,zeabtryoupldambcckrjbb
000000000086,1,wg,6255363710222595,,,26451,20181228082509,无
000000000087,1,cdw,6248761702368490,,,29684,20160706201020,hpapztbjbipydolmlqsatfra
000000000088,1,kfgtwo,6251361709481491,,,26136,20150125131247,yhlcomhy
000000000089,3,wehua,6246165718232004,aj,6250765701308439,20634,20210801215325,nfwjqi
000000000090,4,aj,6250765701308439,wehua,6246165718232004,20634,20210801215325,nfwjqi
000000000091,3,kknlruodqhi,6258865700222148,ds,6235360709327871,20660,20151014161226,sd
000000000092,4,ds,6235360709327871,kknlruodqhi,6258865700222148,20660,20151014161226,sd
000000000093,1,fevrvaonll,6224965701483437,,,32638,20051228052956,kemc
000000000094,1,nqxzuabcqzm,6254465701250196,,,25718,20180817210219,无
000000000095,3,aneovoz,6245464700481821,byrlku,6255966709286703,21873,20220317114406,kzdqq
000000000096,4,byrlku,6255966709286703,aneovoz,6245464700481821,21873,20220317114406,kzdqq
000000000097,3,tkveedgdvi,6241962702233279,nkmiqpipgh,6255666706482826,752,20210205004936,lugmrmhvicglmoatzqjyxzm
000000000098,4,nkmiqpipgh,6255666706482826,tkveedgdvi,6241962702233279,752,20210205004936,lugmrmhvicglmoatzqjyxzm
000000000099,2,fxoaluy,6243678800465736,,,20319,20220301150020,无
000000000100,1,ptsszp,6241565706293639,,,3634,20200714141602,uwijamdeuompwdbw
000000000101,2,yehkzvwyy,6236964700229262,,,7440,20040921185241,无
000000000102,2,akbfltq,6233167712235827,,,4655,20000203093313,无
000000000103,3,lot,6269862708325604,bgerdkzm,6242565707383305,1560,20070822100546,无
000000000104,4,bgerdkzm,6242565707383305,lot,6269862708325604,1560,20070822100546,无
000000000105,2,cl,6245462714432372,,,6987,20170615060046,cevmzotckrdhqkkkogtfwmygzrs
000000000106,3,zpogzs,6270465718239938,dljv,6244963714231930,13517,20181109204720,zslmwrohv
000000000107,4,dljv,6244963714231930,zpogzs,6270465718239938,13517,20181109204720,zslmwrohv
000000000108,3,wotpjjned,6242279810434465,gmmybyabnz,6262278818414970,9210,20170401014620,ok
000000000109,4,gmmybyabnz,6262278818414970,wotpjjned,6242279810434465,9210,20170401014620,ok
000000000110,1,hu,6250067700244225,,,16419,20190506071638,rqrehpoefdwl
000000000111,3,hpwn,6238660704230006,mrgyjbiqo,6255764719420760,4177,20090224223604,无
000000000112,4,mrgyjbiqo,6255764719420760,hpwn,6238660704230006,4177,20090224223604,无
000000000113,3,uqmmzputju,6250066713423539,fdnhaxwsvy,6224567707464847,31833,20110308183328,无
000000000114,4,fdnhaxwsvy,6224567707464847,uqmmzputju,6250066713423539,31833,20110308183328,无
000000000115,3,snh,6237664707340983,vbqx,6233061707234854,27021,20101102225922,无
000000000116,4,vbqx,6233061707234854,snh,6237664707340983,27021,20101102225922,无
000000000117,2,ypwyooqjg,6245262703300282,,,20734,20021103081457,无
000000000118,3,pwriagbm,6239567702207981,pfgjidma,6231170815419212,25471,20000607192524,xflvqofbdtezgr
000000000119,4,pfgjidma,6231170815419212,pwriagbm,6239567702207981,25471,20000607192524,xflvqofbdtezgr
000000000120,3,qgau,6256860714215422,vmngayjcr,6230066703494046,9094,20110625125547,rxfuilxfniqapmzgwgyfhspondfwgr
000000000121,4,vmngayjcr,6230066703494046,qgau,6256860714215422,9094,20110625125547,rxfuilxfniqapmzgwgyfhspondfwgr
000000000122,1,oklygxbn,6251278809424176,,,2638,20070320231854,nwynumykjpgmjgmisfz
000000000123,1,drryegzcw,6243079803397276,,,9456,20151126000614,无
000000000124,1,niwtkaocg,6262378806406475,,,22200,20130204165024,w
000000000125,1,irwmcsoznif,6241862710322142,,,32023,20081116192608,无
000000000126,2,lb,6254460711314710,,,13140,20030603114231,phefenzsqdhtwefnseuayqoevnc
000000000127,2,jgorugmh,6246078806374477,,,12695,20010104093820,uv
000000000128,1,ad,6242461709471813,,,6203,20200409171120,wwvymnbdz
000000000129,3,rgbxtq,6247861706492540,anjbascfaj,6241464701463549,11680,20020617164415,yxfvsufknvnczejaftaaaq
000000000130,4,anjbascfaj,6241464701463549,rgbxtq,6247861706492540,11680,20020617164415,yxfvsufknvnczejaftaaaq
000000000131,1,fqagzvpa,6251361701247464,,,5854,20121212083754,pqoolinwudeiowpklapck
000000000132,1,xuuh,6242862705482555,,,25402,20171105051745,无
000000000133,1,skz,6240061710317069,,,765,20170603160122,无
000000000134,1,kbrznxpks,6235970802308825,,,11448,20150827093142,无
000000000135,3,hdakvuw,6241365700425472,xreyfzk,6248478813410244,5965,20090623015518,无
000000000136,4,xreyfzk,6248478813410244,hdakvuw,6241365700425472,5965,20090623015518,无
000000000137,1,kjsnkoupyo,6255066708485971,,,14316,20080113191405,无
000000000138,1,sgylnj,6262460709228182,,,11062,20040708110007,无
000000000139,2,quvqf,6256463705351383,,,30941,20211201235125,无
000000000140,2,gwoqj,6262265703394956,,,3241,20030117082855,无
000000000141,1,sna,6243260702379000,,,4602,20120824112518,无
000000000142,3,vbawqujre,6247363700252464,ntnybqckr,6259561704352772,14119,20010313075343,无
000000000143,4,ntnybqckr,6259561704352772,vbawqujre,6247363700252464,14119,20010313075343,无
000000000144,2,siv,6241963711431722,,,13778,20131011123938,zzkfsbhprbpuzrpfgmbd
000000000145,3,qgau,6256860714215422,ushpll,6234867704269916,1435,20030715012532,lsurx
000000000146,4,ushpll,6234867704269916,qgau,6256860714215422,1435,20030715012532,lsurx
000000000147,3,oagrvnpfsc,6247861709488317,kxm,6241262700282719,8391,20130827063828,无
000000000148,4,kxm,6241262700282719,oagrvnpfsc,6247861709488317,8391,20130827063828,无
000000000149,2,arcaklasok,6232260708401266,,,29744,20150410134529,id
000000000150,1,xvmylx,6259562715431513,,,6030,20140824054721,无
000000000151,3,eked,6245078818217909,sgkw,6241778808258530,17457,20120518013503,无
000000000152,4,sgkw,6241778808258530,eked,6245078818217909,17457,20120518013503,无
000000000153,1,htrewjdl,6250762714229859,,,11614,20140711050715,txdtujiurefbyjpeqciu
000000000154,2,dljv,6244963714231930,,,14005,20041206133119,kwpabrogmcv
000000000155,2,nqeiresa,6242663715329796,,,7974,20050208085803,无
000000000156,3,nkmiqpipgh,6255666706482826,siv,6241963711431722,30362,20170516082249,qbow
000000000157,4,siv,6241963711431722,nkmiqpipgh,6255666706482826,30362,20170516082249,qbow
000000000158,1,xuuh,6242862705482555,,,13069,20190204100955,epxbjeinzugisuvckzhiiyrwl
000000000159,2,cq,6245378808466929,,,12823,20180311201339,iqbzvlze
000000000160,1,iiijihhrtp,6243867713327195,,,8303,20030301114231,myfhxynmkcczfzzsqrsy
000000000161,2,pv,6249466715433585,,,30281,20121004091922,xptmflfocbqnrrcrsva
000000000162,3,vkgehv,6236365707441720,anjbascfaj,6241464701463549,20168,20131107034508,无
000000000163,4,anjbascfaj,6241464701463549,vkgehv,6236365707441720,20168,20131107034508,无
000000000164,2,qvq,6259579809332693,,,6558,20120208114533,jsneknlkqqeufcgeurnctmlypjic
000000000165,1,zjc,6246779806440703,,,5136,20010124093657,qziolnqwzkjr
000000000166,2,dzqq,6255760700492652,,,24992,20110910104604,fos
000000000167,3,nxdey,6229162718430627,hrkiny,6244665719423390,17272,20190723155017,无
000000000168,4,hrkiny,6244665719423390,nxdey,6229162718430627,17272,20190723155017,无
000000000169,1,kmdqwvgcc,6241161700449077,,,14921,20111115210508,无
000000000170,2,timuyime,6254760703334778,,,3376,20120112165036,无
000000000171,2,aneovoz,6245464700481821,,,5212,20030408030215,无
000000000172,2,rxulnd,6246478812310767,,,13035,20031105034356,无
000000000173,1,gf,6250863704223907,,,16956,20110111125540,无
000000000174,1,sghnclgak,6242166700239235,,,26254,20010608044714,无
000000000175,3,ahe,6234079815434557,ohqokyuwg,6240261700332760,25627,20021117204644,无
000000000176,4,ohqokyuwg,6240261700332760,ahe,6234079815434557,25627,20021117204644,无
000000000177,1,fddg,6259061707382532,,,24645,20020326144130,pa
000000000178,2,okqkzfjqel,6240778803399022,,,3837,20160606161546,无
000000000179,1,sna,6243260702379000,,,15148,20150103164004,无
000000000180,3,cojzbxd,6251061708243669,jgorugmh,6246078806374477,14755,20041113110811,yyedcatyag
000000000181,4,jgorugmh,6246078806374477,cojzbxd,6251061708243669,14755,20041113110811,yyedcatyag
000000000182,3,kn,6248562703470079,biksqkgegg,6252661703351919,9416,20060405231051,无
000000000183,4,biksqkgegg,6252661703351919,kn,6248562703470079,9416,20060405231051,无
000000000184,2,vb,6252261704383014,,,24782,20151213194935,无
000000000185,3,ecohmfvzczw,6237378805464746,nnzkf,6248965717331713,10479,20100126053237,wtjqmgrwscg
000000000186,4,nnzkf,6248965717331713,ecohmfvzczw,6237378805464746,10479,20100126053237,wtjqmgrwscg
000000000187,3,yukmpkih,6234560711315123,onwbbdeaj,6250366713331080,24891,20170823200522,无
000000000188,4,onwbbdeaj,6250366713331080,yukmpkih,6234560711315123,24891,20170823200522,无
000000000189,1,xboshdfqc,6253266704420950,,,4463,20131210083730,reapfmwrsxvbnkmxm
000000000190,2,twoircss,6237360709328073,,,25652,20110104200513,无
000000000191,3,mlgefebcdzo,6238667702232231,aekhjac,6248666707399789,9749,20010921033310,ufjcp
000000000192,4,aekhjac,6248666707399789,mlgefebcdzo,6238667702232231,9749,20010921033310,ufjcp
000000000193,2,ppoolprzam,6245567714337448,,,17576,20091006152325,无
000000000194,2,wp,6260065705363686,,,15879,20130407153452,cwlhtsvjtcsjqlnueaoxjysvcj
000000000195,1,tkfxyfrdwb,6256260701451459,,,2232,20150224143351,idvusupr
000000000196,2,zenayttx,6261070804422461,,,12007,20110115181139,bhxbohqkgckr
000000000197,2,fqs,6245261709499904,,,27659,20040327145814,无
000000000198,2,tztawpfab,6248063707409093,,,27276,20030825000253,ejlitaejaqdajdhfhlbivfrcgiyn
000000000199,1,gbpjgbnwbz,6251664701238732,,,9732,20130706164524,无
000000000200,2,wspht,6257760708233898,,,6640,20210124232027,qmohxzbtuvert
000000000201,1,hezaohrwj,6260362709227017,,,4612,20220224195704,无
000000000202,2,kxm,6241262700282719,,,11111,20200722125903,无
000000000203,3,roxybs,6245064708427853,cyce,6250666707302424,13277,20101109194408,无
000000000204,4,cyce,6250666707302424,roxybs,6245064708427853,13277,20101109194408,无
000000000205,3,yrhwfambx,6255979811228305,aneovoz,6245464700481821,2395,20130601204156,无
000000000206,4,aneovoz,6245464700481821,yrhwfambx,6255979811228305,2395,20130601204156,无
000000000207,1,sweoffafcmq,6256879801362887,,,5330,20080108031437,无
000000000208,3,ctaprv,6230070808258387,zboelbmjjrj,6251966705398462,28226,20100825133711,yquffaxqsvvxz
000000000209,4,zboelbmjjrj,6251966705398462,ctaprv,6230070808258387,28226,20100825133711,yquffaxqsvvxz
000000000210,1,iqbo,6255363706227917,,,17284,20200521234619,无
000000000211,1,kdhixsbk,6248561708348660,,,6278,20180922063703,ajbqqkztjwqbyjpyilibiteldfy
000000000212,1,wyyrro,6231966700489959,,,4387,20050417084625,无
000000000213,3,lrrgazaizmo,6237066706325086,ccinesid,6259066714224913,16362,20070420042844,无
000000000214,4,ccinesid,6259066714224913,lrrgazaizmo,6237066706325086,16362,20070420042844,无
000000000215,1,wuzp,6251165705208885,,,12477,20190120020003,ixkjztumjcrhoynbrzcu
000000000216,2,jlknzdm,6247278807234828,,,20182,20220201113213,无
000000000217,3,qfrpwwkm,6244166719210014,hpxh,6240162706402811,2066,20110616223648,无
000000000218,4,hpxh,6240162706402811,qfrpwwkm,6244166719210014,2066,20110616223648,无
000000000219,1,aicuk,6251566708366672,,,22257,20150819101926,无
000000000220,1,gasolitr,6240165707290122,,,17932,20220317033910,无
000000000221,1,fyanqjisu,6243167704202569,,,27279,20171014102755,hpu
000000000222,2,qwxtb,6245878806272692,,,23025,20080616121433,无
000000000223,1,kumgqara,6259565705260912,,,14272,20200213181717,cycieytuqtlkzbqtcwocewybec
000000000224,1,mxwiitxswi,6242566700345265,,,23933,20200912085534,无
000000000225,1,coubv,6237267707226394,,,29426,20080717134548,无
000000000226,2,uxcede,6247266707220189,,,4350,20110209070122,无
000000000227,1,ldbc,6242563708370255,,,15301,20070504202121,无
000000000228,3,cl,6257479816411178,dsxvcrqid,6247464708275802,27004,20070318070528,fxokzszfkrvetljbqjglbmfuna
000000000229,4,dsxvcrqid,6247464708275802,cl,6257479816411178,27004,20070318070528,fxokzszfkrvetljbqjglbmfuna
000000000230,2,hs,6237066709256923,,,13089,20200412115818,无
000000000231,1,thhjyvjytx,6244279812221265,,,14591,20211026062739,无
000000000232,3,xjk,6256578801445337,valcirbkkbz,6232367706459460,14744,20160727234929,无
000000000233,4,valcirbkkbz,6232367706459460,xjk,6256578801445337,14744,20160727234929,无
000000000234,1,kn,6248562703470079,,,6686,20190125000710,无
000000000235,3,hyfmro,6246465703354567,jllaknca,6231463708337155,8380,20171108095711,无
000000000236,4,jllaknca,6231463708337155,hyfmro,6246465703354567,8380,20171108095711,无
000000000237,3,ansgokhlhxo,6242479802242769,coubv,6237267707226394,4790,20190328140427,无
000000000238,4,coubv,6237267707226394,ansgokhlhxo,6242479802242769,4790,20190328140427,无
000000000239,1,quu,6247862709333216,,,8427,20100625185301,nodxmawr
000000000240,2,qxcmkpkqeg,6234867705265106,,,16444,20000712120326,bfojjkizzlhybzztfq
000000000241,2,ahe,6234079815434557,,,2214,20140104182128,无
000000000242,3,ohcjnpdy,6249463716328451,iaropb,6252566710330644,4897,20170804173549,qcbtnkbtrmuvzxxnlhewz
000000000243,4,iaropb,6252566710330644,ohcjnpdy,6249463716328451,4897,20170804173549,qcbtnkbtrmuvzxxnlhewz
000000000244,2,gxnqvkosrf,6240365701226629,,,12193,20200906134904,z
000000000245,3,pfkskotvju,6239260700249183,tkveedgdvi,6241962702233279,17689,20010415021551,无
000000000246,4,tkveedgdvi,6241962702233279,pfkskotvju,6239260700249183,17689,20010415021551,无
000000000247,3,bplclbfnc,6256966706421244,tsqzoyitum,6236065702240916,26276,20220404013044,o
000000000248,4,tsqzoyitum,6236065702240916,bplclbfnc,6256966706421244,26276,20220404013044,o
000000000249,2,oktdme,6254367701267228,,,30579,20180724074547,无
000000000250,3,ptixr,6252578800463871,tkveedgdvi,6241962702233279,1027,20120407232659,无
000000000251,4,tkveedgdvi,6241962702233279,ptixr,6252578800463871,1027,20120407232659,无
000000000252,1,rglk,6242278807401426,,,13167,20050105120609,wfvjefdwovnjvpdonlbamm
000000000253,1,dspfckd,6236267701272195,,,4807,20080722044950,zczmbt
000000000254,3,sghnclgak,6242166700239235,djzrvwmeznq,6243064716437393,22757,20210110221930,无
000000000255,4,djzrvwmeznq,6243064716437393,sghnclgak,6242166700239235,22757,20210110221930,无
000000000256,1,cqycmi,6242862707359845,,,28525,20100603181942,无
000000000257,3,dqhxks,6240478808398550,hosjc,6250379805307299,14108,20200618081325,无
000000000258,4,hosjc,6250379805307299,dqhxks,6240478808398550,14108,20200618081325,无
000000000259,3,gwoqj,6262265703394956,gd,6242867709495338,5538,20080607005209,无
000000000260,4,gd,6242867709495338,gwoqj,6262265703394956,5538,20080607005209,无
000000000261,2,ldnkqb,6264062704363265,,,24804,20050905132831,dz
000000000262,1,ksixd,6249465704261895,,,22144,20010615191256,ubve
000000000263,3,xxhga,6238560710412067,wp,6261778809396607,16644,20110612192733,tykxzfwdchkvqyw
000000000264,4,wp,6261778809396607,xxhga,6238560710412067,16644,20110612192733,tykxzfwdchkvqyw
000000000265,3,ade,6240564711235119,dd,6256161701241630,15987,20061116092025,etux
000000000266,4,dd,6256161701241630,ade,6240564711235119,15987,20061116092025,etux
000000000267,3,ushsmmesd,6259063709375584,eenasyzjbn,6241360703334901,10465,20220923170825,无
000000000268,4,eenasyzjbn,6241360703334901,ushsmmesd,6259063709375584,10465,20220923170825,无
000000000269,2,fddg,6259061707382532,,,2969,20150811080444,无
000000000270,2,vbovyu,6248163711314282,,,20808,20050528013959,hgscqhro
000000000271,2,fqs,6245261709499904,,,30960,20041124005559,sunpwqablpiabxpdirbq
000000000272,2,kknlruodqhi,6258865700222148,,,13078,20110713081556,无
000000000273,3,bulavmlrk,6255164702367731,tqrnejtqkk,6253661707209438,24498,20060826160844,无
000000000274,4,tqrnejtqkk,6253661707209438,bulavmlrk,6255164702367731,24498,20060826160844,无
000000000275,3,wfn,6240167707221281,fdnhaxwsvy,6224567707464847,16880,20070327225039,ecotcvwgkreo
000000000276,4,fdnhaxwsvy,6224567707464847,wfn,6240167707221281,16880,20070327225039,ecotcvwgkreo
000000000277,1,zbybfcd,6258266705353978,,,6160,20031125060556,无
000000000278,1,wg,6255363710222595,,,5353,20100521145149,无
000000000279,2,dn,6257261700375007,,,1075,20160309042207,无
000000000280,2,cmyzcrb,6245964709222869,,,16247,20131008092341,无
000000000281,2,ri,6249067703475970,,,30373,20190626162207,无
000000000282,3,dszc,6242865719320833,qk,6265760701406289,4906,20091014143009,无
000000000283,4,qk,6265760701406289,dszc,6242865719320833,4906,20091014143009,无
000000000284,1,fsqdzo,6254764701371305,,,11949,20011209142214,ngqwshjcezxvxzfriffobtcvf
000000000285,3,yve,6247061700426993,dldmatt,6252379802279714,22277,20051004135238,c
000000000286,4,dldmatt,6252379802279714,yve,6247061700426993,22277,20051004135238,c
000000000287,1,qhokw,6240464704357046,,,9137,20210624142647,无
000000000288,1,tgwml,6253462705354463,,,12662,20071019170003,dxpmgvdffbevcpzthcweylabac
000000000289,2,ansgokhlhxo,6242479802242769,,,7761,20130220005913,llrdbdfzjjmbotgrzqjtwvcldmatk
000000000290,2,kdhixsbk,6248561708348660,,,21162,20030418140011,xxunolsctrq
000000000291,1,bxqkk,6253360709320469,,,27888,20180408004159,无
000000000292,1,byrlku,6255966709286703,,,21695,20210708112751,无
000000000293,3,zvcbpxmfo,6238679805361335,dmiwhvi,6239863711234632,17556,20020408184515,fbntwn
000000000294,4,dmiwhvi,6239863711234632,zvcbpxmfo,6238679805361335,17556,20020408184515,fbntwn
000000000295,2,ozniubapo,6256461700434363,,,31022,20081017161108,abukipeogccukyggpmkhdbpdwtfs
000000000296,2,it,6260064706231563,,,16559,20030105083343,gftioelhnfk
000000000297,1,xqx,6243662707264575,,,25777,20090315143514,无
000000000298,2,bipe,6234078805232979,,,14288,20050314103234,无
000000000299,1,xes,6253978802323702,,,28259,20200918074743,无
000000000300,1,cl,6257479816411178,,,21582,20120308211138,jiak
000000000301,1,twuqmkkzy,6252261707404906,,,1657,20151117105643,lfpct
000000000302,1,xofbpzvwpbx,6246066702233579,,,31030,20190909040611,无
000000000303,1,dkppzqbf,6246665719416822,,,13260,20201227120923,aojcjqztbzyoxzfxjocjckdmjfv
000000000304,3,uxcede,6247266707220189,inhtibad,6230763706281795,16164,20090511172839,无
000000000305,4,inhtibad,6230763706281795,uxcede,6247266707220189,16164,20090511172839,无
000000000306,3,yuga,6248363702388557,bgerdkzm,6242565707383305,23285,20030704075438,qfzrejspaplxqrekphavvkjipcz
000000000307,4,bgerdkzm,6242565707383305,yuga,6248363702388557,23285,20030704075438,qfzrejspaplxqrekphavvkjipcz
000000000308,1,objjan,6247660712235049,,,22052,20061117184657,无
000000000309,2,uqjtn,6234663703370767,,,10014,20071226013219,无
000000000310,2,gwjfkwcraxg,6249567711214252,,,9154,20011109154223,fredqrrvapqyucflkvhpk
000000000311,2,vmofeu,6247364708490739,,,8636,20150225144305,esfmhzqsrayjyveiiovsmeedja
000000000312,2,sipnmq,6264361710225649,,,26994,20000224165703,无
000000000313,3,tqcbmtsseu,6251667700475301,qmbbbrjflvd,6253878808301520,19291,20110928022012,无
000000000314,4,qmbbbrjflvd,6253878808301520,tqcbmtsseu,6251667700475301,19291,20110928022012,无
000000000315,2,quglibzq,6258279800433425,,,17273,20190925092510,无
000000000316,3,cv,6248864719412636,vernetokxw,6238262708434878,21308,20101220034134,fabqkdmbvqqsep
000000000317,4,vernetokxw,6238262708434878,cv,6248864719412636,21308,20101220034134,fabqkdmbvqqsep
000000000318,3,pricjlltq,6248065705306264,vmofeu,6247364708490739,21600,20060113224609,无
000000000319,4,vmofeu,6247364708490739,pricjlltq,6248065705306264,21600,20060113224609,无
000000000320,2,ya,6253065706387518,,,16580,20191211220125,无
000000000321,3,shwtytr,6251766706391636,twxu,6233365719232920,528,20190127055621,hky
000000000322,4,twxu,6233365719232920,shwtytr,6251766706391636,528,20190127055621,hky
000000000323,1,ygcw,6249260714328136,,,6600,20141126151734,agntijwxikbajqtq
000000000324,2,iefenvad,6235966704331398,,,25108,20060926143233,lqqadzhyliekzazzkzbohlazbhva
000000000325,2,bbivy,6233863706441938,,,23135,20150920223133,无
000000000326,2,inhtibad,6230763706281795,,,25907,20150227200213,wnokceoxnmy
000000000327,1,bjmyfnc,6256260709434193,,,18466,20201215133927,无
000000000328,2,oryobnzy,6247866704266110,,,24876,20000607154758,dymaogtocwgv
000000000329,3,spnhyo,6250465718213643,okzpglil,6267970809488087,26567,20090807104352,无
000000000330,4,okzpglil,6267970809488087,spnhyo,6250465718213643,26567,20090807104352,无
000000000331,2,rqximoosh,6240266713410861,,,6055,20030325074507,无
000000000332,1,oo,6249366700245570,,,22652,20070927021022,ktjacaqyuxwmaaiijmnlnhqqjenqq
000000000333,2,gizdf,6246170804234068,,,10558,20060124115837,无
000000000334,3,vosoqwqbyq,6277360705456682,rgbxtq,6247861706492540,11659,20110513073630,无
000000000335,4,rgbxtq,6247861706492540,vosoqwqbyq,6277360705456682,11659,20110513073630,无
000000000336,2,ykgkbxwioy,6234179810227464,,,31541,20160524050211,无
000000000337,3,aqecsgdbq,6241779806484052,drtkbcxtls,6225762700281438,24505,20010613234602,jzgdpvuujwis
000000000338,4,drtkbcxtls,6225762700281438,aqecsgdbq,6241779806484052,24505,20010613234602,jzgdpvuujwis
000000000339,1,hezaohrwj,6260362709227017,,,804,20011223051522,jjjlengoncfgbrggt
000000000340,1,valcirbkkbz,6232367706459460,,,8205,20121022230737,无
000000000341,2,unxmyttzdtd,6244867715211913,,,3428,20171213060913,yfbdsdltiuvdmbm
000000000342,3,pricjlltq,6248065705306264,xyc,6237164701492190,8607,20140302224913,eowqwvkcwrfu
000000000343,4,xyc,6237164701492190,pricjlltq,6248065705306264,8607,20140302224913,eowqwvkcwrfu
000000000344,3,ikwdqzxpeq,6254266706462078,mrlomjnrhv,6245962708286176,17013,20030324174424,mpnjkudyozsztppebypshln
000000000345,4,mrlomjnrhv,6245962708286176,ikwdqzxpeq,6254266706462078,17013,20030324174424,mpnjkudyozsztppebypshln
000000000346,1,kqfvd,6242979809471362,,,3201,20070613233927,hopwomrltvyohnug
000000000347,2,ol,6245760702367460,,,340,20151212075108,无
000000000348,2,qtf,6260767706249186,,,16263,20030101210818,无
000000000349,2,htmyviyfqc,6241765708267995,,,9093,20010210150550,lfpxwzphowwqmhvp
000000000350,3,quu,6247862709333216,pzzir,6246863705430838,12402,20170120113115,ixvn
000000000351,4,pzzir,6246863705430838,quu,6247862709333216,12402,20170120113115,ixvn
000000000352,3,ipztfoee,6248078801304553,ufclu,6235578813428067,2434,20161106200005,st
000000000353,4,ufclu,6235578813428067,ipztfoee,6248078801304553,2434,20161106200005,st
000000000354,1,gbmiuquku,6241779808326228,,,22279,20010104001832,ug
000000000355,3,uiepunhn,6245679805324719,bl,6242166709276754,30665,20120606191846,无
000000000356,4,bl,6242166709276754,uiepunhn,6245679805324719,30665,20120606191846,无
000000000357,3,sqfirkaikvs,6236766701481660,cqycmi,6242862707359845,19616,20000414091819,tuzupheoffmkffgdrwokomxwjpydig
000000000358,4,cqycmi,6242862707359845,sqfirkaikvs,6236766701481660,19616,20000414091819,tuzupheoffmkffgdrwokomxwjpydig
000000000359,2,ifx,6231167714416623,,,13511,20190209161631,tsxmwylzfsmgvneqgubvlvgzc
000000000360,1,esgrvvumlkr,6242070807200982,,,31828,20051107035032,无
000000000361,1,cqpwvgk,6230762701294648,,,17452,20021120164801,gihmhajowpnltwfdlqvvn
000000000362,1,jzomqft,6241462716237979,,,4291,20220617132354,mzqlethsrhkqtnxsoatajycnky
000000000363,3,ubpwftt,6255964700273590,ku,6253966700465568,17530,20060222234752,bwabflbfskcwjko
000000000364,4,ku,6253966700465568,ubpwftt,6255964700273590,17530,20060222234752,bwabflbfskcwjko
000000000365,1,lcctfh,6257878814336747,,,27183,20070320205730,无
000000000366,2,eilmsdhh,6255265708450360,,,17804,20181110122836,无
000000000367,1,hokgepnhnmw,6254964710412182,,,7399,20171008014135,无
000000000368,3,faygpwiqd,6258360706233999,uu,6244363719231149,4758,20080809003112,h
000000000369,4,uu,6244363719231149,faygpwiqd,6258360706233999,4758,20080809003112,h
000000000370,2,egx,6243560704438058,,,20683,20110607033822,akmcaz
000000000371,3,rogzvpqu,6255564709370274,jhfwzy,6250460706223553,2547,20130821231612,无
000000000372,4,jhfwzy,6250460706223553,rogzvpqu,6255564709370274,2547,20130821231612,无
000000000373,2,qsgfeiwup,6239066704489398,,,11353,20080420104223,无
000000000374,3,ajh,6252161709440695,hu,6250067700244225,22159,20090415011807,sladauidjrxpubkhhovqhjjrwmy
000000000375,4,hu,6250067700244225,ajh,6252161709440695,22159,20090415011807,sladauidjrxpubkhhovqhjjrwmy
000000000376,1,ityiwvmhplv,6241466701388617,,,1213,20081108102420,aelvclhbopolmfxmsjaakotzjv
000000000377,2,dmiyaxnlpms,6243462705361890,,,902,20131020064726,ixkzvzqnfsvbedxhfqgmg
000000000378,2,imwgauyx,6254378812228136,,,6614,20211218111048,s
000000000379,1,eked,6245078818217909,,,14418,20060628162646,eow
000000000380,3,aecjygznm,6248266719329194,sehau,6235760712218133,8513,20221112095901,无
000000000381,4,sehau,6235760712218133,aecjygznm,6248266719329194,8513,20221112095901,无
000000000382,2,cxmw,6240664702245245,,,9734,20000521160530,无
000000000383,3,nnzkf,6248965717331713,vosoqwqbyq,6277360705456682,20431,20200403194259,无
000000000384,4,vosoqwqbyq,6277360705456682,nnzkf,6248965717331713,20431,20200403194259,无
000000000385,1,ykypa,6238763705282173,,,29305,20200212144946,ryvaisegxkcm
000000000386,2,zsapbzzfcd,6246761704204248,,,545,20070524030159,lyichffmxhvuvrak
000000000387,2,lrh,6240660717325315,,,15736,20221106130013,hazdanl
000000000388,2,qzcanv,6248461701369818,,,23245,20210528162030,iwlgibntondeyfyclghnobvfz
000000000389,1,kmdqwvgcc,6241161700449077,,,17749,20050418230803,r
000000000390,3,wxoliutlv,6241666709323623,sna,6243260702379000,30784,20170622144001,无
000000000391,4,sna,6243260702379000,wxoliutlv,6241666709323623,30784,20170622144001,无
000000000392,1,iawsiyazjq,6262061702367550,,,10138,20191024163224,nvptlhqxv
000000000393,3,bffe,6249461704309418,iaropb,6252566710330644,25927,20100522110621,无
000000000394,4,iaropb,6252566710330644,bffe,6249461704309418,25927,20100522110621,无
000000000395,2,faygpwiqd,6258360706233999,,,23625,20070508193845,tpqmpcbzlkqwpcdpj
000000000396,1,irwmcsoznif,6241862710322142,,,3376,20090627064758,无
000000000397,3,jtpnqpomnn,6233179805259439,dy,6249163708484594,32512,20040320122145,无
000000000398,4,dy,6249163708484594,jtpnqpomnn,6233179805259439,32512,20040320122145,无
000000000399,2,pricjlltq,6248065705306264,,,1727,20111214023157,grtbgursmkpzliranbawgskdqbty
000000000400,3,jvpfcbqse,6234665700271735,jlknzdm,6247278807234828,16629,20171227174153,pabbes
000000000401,4,jlknzdm,6247278807234828,jvpfcbqse,6234665700271735,16629,20171227174153,pabbes
000000000402,3,klexztk,6235567713414978,kzyo,6247578808254101,26349,20140715224819,yquacpvzhlvdvkbdlmq
000000000403,4,kzyo,6247578808254101,klexztk,6235567713414978,26349,20140715224819,yquacpvzhlvdvkbdlmq
000000000404,2,rmblgbgu,6255661719226297,,,16942,20060804050133,无
000000000405,2,kja,6253179805291901,,,31864,20030727202021,i
000000000406,3,yve,6247061700426993,jdsovjbgadi,6244367706436678,8655,20160112090602,pylf
000000000407,4,jdsovjbgadi,6244367706436678,yve,6247061700426993,8655,20160112090602,pylf
000000000408,1,wiaujqvh,6249166719423989,,,2167,20130902161647,无
000000000409,1,ntnybqckr,6259561704352772,,,21041,20220810102455,无
000000000410,2,nkmqy,6238278801300520,,,28443,20200119071027,无
000000000411,2,wspht,6257760708233898,,,12391,20020922025847,无
000000000412,3,okzpglil,6267970809488087,kj,6243578805367675,9506,20090814014310,oquvyiadhozutvjbakqtjl
000000000413,4,kj,6243578805367675,okzpglil,6267970809488087,9506,20090814014310,oquvyiadhozutvjbakqtjl
000000000414,3,dmqczdqnvx,6235970806432136,oxyptfmnd,6250466709362594,18322,20140906201611,hqtxxcfhzddfwtugbkq
000000000415,4,oxyptfmnd,6250466709362594,dmqczdqnvx,6235970806432136,18322,20140906201611,hqtxxcfhzddfwtugbkq
000000000416,2,sjcye,6238766709272656,,,10331,20141001154614,无
000000000417,1,wg,6255363710222595,,,26464,20070507203636,p
000000000418,3,ushsmmesd,6259063709375584,kiyqfqlh,6266564705382370,27385,20180922232501,无
000000000419,4,kiyqfqlh,6266564705382370,ushsmmesd,6259063709375584,27385,20180922232501,无
000000000420,2,ixibgokkmyh,6238178807321283,,,30856,20171212224922,无
000000000421,1,rogzvpqu,6255564709370274,,,30960,20210204124923,无
000000000422,3,xes,6253978802323702,iegbbpz,6238462704288640,3895,20170122171353,cis
000000000423,4,iegbbpz,6238462704288640,xes,6253978802323702,3895,20170122171353,cis
000000000424,1,biksqkgegg,6252661703351919,,,15673,20051005024052,无
000000000425,1,vdb,6244078804237372,,,23818,20200127133004,uobd
000000000426,1,ipztfoee,6248078801304553,,,17195,20090913074537,无
000000000427,2,vaxzzgduhqg,6235263711326036,,,4789,20110918180945,vexlfjmnjufpdazgkbtordtxelplk
000000000428,1,umu,6251460704201910,,,9394,20111127000127,无
000000000429,3,kmdqwvgcc,6241161700449077,lztr,6244879809495083,7352,20220511181312,szebnjfgrycertae
000000000430,4,lztr,6244879809495083,kmdqwvgcc,6241161700449077,7352,20220511181312,szebnjfgrycertae
000000000431,1,fzwoybldj,6250478817314568,,,24203,20091011194736,blqdittcku
000000000432,3,ixpv,6258361705436754,sycaqf,6229264716318528,9920,20200127131550,无
000000000433,4,sycaqf,6229264716318528,ixpv,6258361705436754,9920,20200127131550,无
000000000434,2,tz,6253379809240115,,,31795,20021025072551,无
000000000435,2,lrpoqpsqzph,6258460702300197,,,1827,20170411203924,无
000000000436,1,drryegzcw,6243079803397276,,,24129,20090723203443,kwjnjgtejcdcwmgghfwbnnb
000000000437,3,aspibvs,6234879806236114,lfie,6229966706285104,29842,20020812232545,无
000000000438,4,lfie,6229966706285104,aspibvs,6234879806236114,29842,20020812232545,无
000000000439,3,imizwlivkf,6235262705290776,lcrhfq,6243164708478120,28065,20060508034630,无
000000000440,4,lcrhfq,6243164708478120,imizwlivkf,6235262705290776,28065,20060508034630,无
000000000441,2,vtu,6254667703334857,,,4261,20020901211503,无
000000000442,1,plhmwomt,6244464708250649,,,28841,20180525023804,ucuphgwnajeykiyi
000000000443,1,sseifls,6237462707281458,,,30574,20070423090518,无
000000000444,1,yrgls,6254065704248418,,,5777,20050227230257,无
000000000445,2,jgak,6254565708343822,,,24686,20200416202151,awsaamhvxipqnnam
000000000446,2,ztfikhizzb,6249865706245855,,,8194,20100304115313,bbuumgkqgvqbmv
000000000447,1,wotpjjned,6242279810434465,,,19391,20210714173219,wfvkovgbthndsaeikuirbhwpib
000000000448,1,cqpwvgk,6230762701294648,,,31152,20210514091239,无
000000000449,2,dzeqtmydygl,6262463709229639,,,23179,20060621074150,leydaihtxcebmr
000000000450,1,zfhobpiu,6243260710432211,,,4730,20000926041501,无
000000000451,2,qk,6265760701406289,,,13743,20151102215448,xfbtwtwtpjjvaiycphtjtmhbin
000000000452,3,dajzaeha,6265461708359825,xf,6248064711216308,29975,20170203141014,ezqupg
000000000453,4,xf,6248064711216308,dajzaeha,6265461708359825,29975,20170203141014,ezqupg
000000000454,3,skgawprg,6220364718330362,xes,6253978802323702,25476,20060827160533,无
000000000455,4,xes,6253978802323702,skgawprg,6220364718330362,25476,20060827160533,无
000000000456,2,vtlfqqyrann,6254764700348651,,,12515,20050812044116,qmraxukhpgnezghjrgrdn
000000000457,1,fqaxjxsu,6235765716236416,,,17425,20010625104237,dopwihrjypurtmobjpdax
000000000458,3,vj,6235164700423678,igcvrnrubf,6238667718426375,19216,20030615070428,无
000000000459,4,igcvrnrubf,6238667718426375,vj,6235164700423678,19216,20030615070428,无
000000000460,2,nbdmqealybp,6262762718322333,,,5932,20050715120830,无
000000000461,1,cgqfzmluk,6251361707469711,,,32425,20090723102127,无
000000000462,1,pj,6246866715314958,,,935,20220420234433,无
000000000463,1,skgawprg,6220364718330362,,,12374,20130906145205,无
000000000464,2,zgjnjssfoq,6239367706451524,,,25100,20020706101418,无
000000000465,3,zjkpwcrta,6266365701459287,caeeqwcpqyy,6233360714314601,10337,20090108202316,无
000000000466,4,caeeqwcpqyy,6233360714314601,zjkpwcrta,6266365701459287,10337,20090108202316,无
000000000467,2,gd,6242867709495338,,,30136,20060909133804,likhgoukqteaykpqutsqg
000000000468,2,fbtkhsd,6248867715335326,,,26704,20040610044007,无
000000000469,2,hyfmro,6246465703354567,,,4897,20211223013645,无
000000000470,3,truy,6238179815427970,xmfjzutukmm,6251378801400031,15607,20090615140712,ho
000000000471,4,xmfjzutukmm,6251378801400031,truy,6238179815427970,15607,20090615140712,ho
000000000472,1,ldnkqb,6264062704363265,,,7966,20161220103049,qcydbzfvexyhgfuwxhonttflzfmj
000000000473,1,ywpr,6232967706269844,,,21064,20010208121835,ufqxvwvcyevceruqofkqtwewibn
000000000474,3,imwgauyx,6254378812228136,lxocdeyco,6255964719416642,15930,20180414011912,spvflusfgjzwjolcdfcyv
000000000475,4,lxocdeyco,6255964719416642,imwgauyx,6254378812228136,15930,20180414011912,spvflusfgjzwjolcdfcyv
000000000476,2,phyrm,6246465706221206,,,18007,20171217095421,无
000000000477,2,nyzqhkuos,6245662715411863,,,11613,20120901030935,skwisvacowhkwwhkkbrmt
000000000478,3,kgbhejbcm,6241866708271507,kmmgd,6250062701260238,12256,20101018131907,无
000000000479,4,kmmgd,6250062701260238,kgbhejbcm,6241866708271507,12256,20101018131907,无
000000000480,1,gfngyxdbt,6229366713415158,,,22369,20110423173035,hqylwkknypyp
000000000481,1,dzqq,6255760700492652,,,28702,20001228184717,cdzfhwtgtgnaby
000000000482,2,coubv,6237267707226394,,,28124,20071018151207,sjdxikugxqmlevbybienazrkbhzbx
000000000483,3,fvstjqaam,6242379806298433,ovnfowywx,6254779805442887,14287,20110405163435,无
000000000484,4,ovnfowywx,6254779805442887,fvstjqaam,6242379806298433,14287,20110405163435,无
000000000485,2,gpeceg,6252267707209932,,,29313,20091018072302,无
000000000486,2,pofwiye,6238067712311967,,,13368,20040311043451,无
000000000487,2,imizwlivkf,6235262705290776,,,28745,20130420232354,无
000000000488,2,aiaufexbuw,6242965709296508,,,17121,20060609203428,xhvgcebfqd
000000000489,3,ffwuburb,6248978803359414,swd,6235466714422316,20172,20150223034952,无
000000000490,4,swd,6235466714422316,ffwuburb,6248978803359414,20172,20150223034952,无
000000000491,1,vrkrwvpxc,6230161718319600,,,14206,20170103172846,无
000000000492,2,stiekdtsou,6256064705370985,,,21998,20010823075757,无
000000000493,3,nbmwldn,6236260707424998,kc,6250665705427476,10042,20020922143253,orxkiamytufqwpbvt
000000000494,4,kc,6250665705427476,nbmwldn,6236260707424998,10042,20020922143253,orxkiamytufqwpbvt
000000000495,2,hlmx,6248567702325379,,,17593,20080912174324,无
000000000496,3,qhsvrksiupc,6235167711337786,sycaqf,6229264716318528,6057,20021219060924,mzcdutp
000000000497,4,sycaqf,6229264716318528,qhsvrksiupc,6235167711337786,6057,20021219060924,mzcdutp
000000000498,3,hwsfipoov,6246167714427515,hzsxkaichiz,6231278814432428,17296,20170806012259,itbiknfpx
000000000499,4,hzsxkaichiz,6231278814432428,hwsfipoov,6246167714427515,17296,20170806012259,itbiknfpx
000000000500,3,qsqpys,6250466702379524,gwoqj,6262265703394956,461,20200501152659,无
000000000501,4,gwoqj,6262265703394956,qsqpys,6250466702379524,461,20200501152659,无
000000000502,1,rhdz,6248264701488634,,,9056,20091107163540,hdjhlkjvwwijog
000000000503,3,ja,6249767701255095,afazad,6241966701436430,32210,20111226102829,ybngyoe
000000000504,4,afazad,6241966701436430,ja,6249767701255095,32210,20111226102829,ybngyoe
000000000505,1,lzns,6255478802292121,,,4532,20021025065527,sfbpljqolefwtr
000000000506,1,rgbxtq,6247861706492540,,,13815,20140607060530,无
000000000507,1,cqycmi,6242862707359845,,,7389,20100711125205,olfecjyypnhgj
000000000508,2,cmvlvz,6242660706235198,,,29427,20070924220738,ozfs
000000000509,2,cl,6245462714432372,,,13675,20150103181527,yolgtwkaunuumyxkldvejiqik
000000000510,2,qk,6265760701406289,,,22853,20210224190456,无
000000000511,1,staqmoqnnn,6236567710312345,,,22392,20190826045711,无
000000000512,1,wodeemqfwt,6247861717324232,,,27254,20080614064133,ou
000000000513,1,ya,6253065706387518,,,19905,20181224034748,ltjhbkeksjonafy
000000000514,1,upeqpwt,6245478807464577,,,17660,20160525085751,无
000000000515,1,fdnhaxwsvy,6224567707464847,,,27749,20200726131821,eo
000000000516,3,cglwdpudbtk,6237463708249671,eked,6245078818217909,17135,20200101034343,xlfaesd
000000000517,4,eked,6245078818217909,cglwdpudbtk,6237463708249671,17135,20200101034343,xlfaesd
000000000518,1,rufqndumxb,6259366700333731,,,4553,20111211101649,sunlh
000000000519,2,ixpv,6258361705436754,,,19792,20141021171611,ecyb
000000000520,3,slg,6246263714320686,gianp,6261878818330346,29270,20190126205754,ivc
000000000521,4,gianp,6261878818330346,slg,6246263714320686,29270,20190126205754,ivc
000000000522,1,xdtdxrhnyb,6244365709483189,,,29999,20110518003021,无
000000000523,1,uiepunhn,6245679805324719,,,22744,20181109192247,phccalidmxovxzyeo
000000000524,2,qyhfvekefw,6230278813414108,,,6342,20200105192953,ufefoxtekpbxiwemsibbnfz
000000000525,3,iop,6251179806221837,jlfgdqnkzkm,6247161700283043,13450,20090617091257,无
000000000526,4,jlfgdqnkzkm,6247161700283043,iop,6251179806221837,13450,20090617091257,无
000000000527,3,rexovuxen,6245063704435244,hrf,6263079805428287,16675,20000407064726,lbljqmcwmuktkyysp
000000000528,4,hrf,6263079805428287,rexovuxen,6245063704435244,16675,20000407064726,lbljqmcwmuktkyysp
000000000529,1,pjnzyf,6257178807467495,,,15972,20100524040609,jcygybs
000000000530,1,ppoolprzam,6245567714337448,,,24580,20060505214944,knehck
000000000531,3,koklhcdtwn,6261267712228210,nbmwldn,6236260707424998,12240,20010505093356,yuipfvn
000000000532,4,nbmwldn,6236260707424998,koklhcdtwn,6261267712228210,12240,20010505093356,yuipfvn
000000000533,2,fi,6268362709404677,,,26518,20130101003814,rddkazfyrhk
000000000534,3,xefylfccic,6257579818425505,kad,6243262710210668,27646,20020520120300,fezrinwnsepldcwwui
000000000535,4,kad,6243262710210668,xefylfccic,6257579818425505,27646,20020520120300,fezrinwnsepldcwwui
000000000536,1,kqfvd,6242979809471362,,,9413,20041223011837,无
000000000537,3,qyhfvekefw,6230278813414108,wghckpdwd,6229563715424089,8853,20220111131322,rb
000000000538,4,wghckpdwd,6229563715424089,qyhfvekefw,6230278813414108,8853,20220111131322,rb
000000000539,1,zj,6231265717419278,,,4627,20150515090330,voaaoozlvm
000000000540,3,qtf,6260767706249186,pzzir,6246863705430838,23232,20120521143310,bkktzetxxypjtgc
000000000541,4,pzzir,6246863705430838,qtf,6260767706249186,23232,20120521143310,bkktzetxxypjtgc
000000000542,3,okqkzfjqel,6240778803399022,yck,6253170800379637,6622,20150204091818,nfxenhbbwlzvqc
000000000543,4,yck,6253170800379637,okqkzfjqel,6240778803399022,6622,20150204091818,nfxenhbbwlzvqc
000000000544,3,oo,6249366700245570,wxoliutlv,6241666709323623,16252,20111012025217,无
000000000545,4,wxoliutlv,6241666709323623,oo,6249366700245570,16252,20111012025217,无
000000000546,3,cwnwu,6238267703443138,ngefdycj,6254364719330418,30413,20220315093827,无
000000000547,4,ngefdycj,6254364719330418,cwnwu,6238267703443138,30413,20220315093827,无
000000000548,3,zpg,6248564708453081,elttysbs,6249478817416686,20670,20170919024045,无
000000000549,4,elttysbs,6249478817416686,zpg,6248564708453081,20670,20170919024045,无
000000000550,2,xgmh,6247462705490501,,,22221,20100603164410,cfoyaotwrhbekvblgnjqqqchq
000000000551,1,ovhrihodxck,6257763705450280,,,15760,20080521104512,mntlxoucxfmcicbrw
000000000552,3,nbf,6246762718210318,owhzuarllad,6245065705404359,13623,20011018175813,rohurybjbqdddtikgiwpghykb
000000000553,4,owhzuarllad,6245065705404359,nbf,6246762718210318,13623,20011018175813,rohurybjbqdddtikgiwpghykb
000000000554,1,cdw,6248761702368490,,,12520,20140726000541,uzh
000000000555,2,yqowfkoyl,6247665709365691,,,17109,20040310032028,hgscjqvbpaxgbbvbpuxefwfqx
000000000556,1,ldptuy,6247579800375959,,,22123,20160713212232,vwfnmplbcuzqbwhejplawmmoqdv
000000000557,3,yrnywqrm,6235167702332295,fgxuvsryoxb,6253666700299541,1019,20190415235917,jy
000000000558,4,fgxuvsryoxb,6253666700299541,yrnywqrm,6235167702332295,1019,20190415235917,jy
000000000559,3,qhsvrksiupc,6235167711337786,jlfgdqnkzkm,6247161700283043,3559,20160909124041,aylylmkd
000000000560,4,jlfgdqnkzkm,6247161700283043,qhsvrksiupc,6235167711337786,3559,20160909124041,aylylmkd
000000000561,1,wotpjjned,6242279810434465,,,10546,20120618010400,esrzegywvbve
000000000562,3,vks,6230779801438597,tyyydapfo,6236462704444819,16893,20150122030323,uhapeakxcvoqlxdhq
000000000563,4,tyyydapfo,6236462704444819,vks,6230779801438597,16893,20150122030323,uhapeakxcvoqlxdhq
000000000564,3,lb,6254460711314710,lzns,6255478802292121,18017,20220615230432,无
000000000565,4,lzns,6255478802292121,lb,6254460711314710,18017,20220615230432,无
000000000566,1,cqtlbg,6245062708450992,,,27259,20030606114108,无
000000000567,2,mmryknsmps,6236263709309479,,,29014,20020902231926,ztopossoaofpyrygwxucdobohrk
000000000568,2,cdrjdz,6257662707328416,,,19137,20210627084311,无
000000000569,1,ywpr,6232967706269844,,,2345,20220818090523,uvtbulvxhhysissimodp
000000000570,1,tsd,6248966705407657,,,29077,20070210113712,无
000000000571,3,qaqzfclbipc,6237362701321860,qvti,6248079807386974,3189,20160807211740,无
000000000572,4,qvti,6248079807386974,qaqzfclbipc,6237362701321860,3189,20160807211740,无
000000000573,2,zjkpwcrta,6266365701459287,,,2264,20030927130702,ohfygfgeipal
000000000574,1,vosoqwqbyq,6277360705456682,,,5545,20030103215733,ghlqkhvfzckoxwmltrunkq
000000000575,3,fl,6258564706349510,ehgwjtvgir,6257267700392292,9854,20111218114408,maymnkvvyzbvwbtcxkcxsc
000000000576,4,ehgwjtvgir,6257267700392292,fl,6258564706349510,9854,20111218114408,maymnkvvyzbvwbtcxkcxsc
000000000577,3,zxecgdxgyw,6254866713422408,uqmmzputju,6250066713423539,8063,20161204232819,dagkbrodgzjnwoweexo
000000000578,4,uqmmzputju,6250066713423539,zxecgdxgyw,6254866713422408,8063,20161204232819,dagkbrodgzjnwoweexo
000000000579,1,pfkskotvju,6239260700249183,,,17932,20080403163456,无
000000000580,3,pricjlltq,6248065705306264,wxoliutlv,6241666709323623,27691,20150315141610,pdmsm
000000000581,4,wxoliutlv,6241666709323623,pricjlltq,6248065705306264,27691,20150315141610,pdmsm
000000000582,2,ctdul,6241266704344002,,,24644,20031110022258,无
000000000583,1,jfshcml,6236364707289569,,,24445,20200908085614,rucvfpwvihmacfzmkb
000000000584,2,nmrm,6250962714230339,,,5135,20180511181744,barywfynhaqymhxgckho
000000000585,1,aworx,6240179801395286,,,6782,20070810193037,nrqkdxcfdmrwbhgfd
000000000586,1,ai,6245464714419269,,,17516,20070920061646,lpfyanxwmdtrelgnmyuiuerbuzccpd
000000000587,3,lxfamkbwig,6253165707420370,kcjritcekfs,6249161703469891,20276,20160317090012,无
000000000588,4,kcjritcekfs,6249161703469891,lxfamkbwig,6253165707420370,20276,20160317090012,无
000000000589,1,shmqirmn,6232565705229442,,,13981,20060405184532,无
000000000590,2,gzxyebhl,6253464714336125,,,16498,20110214150900,wfsgtpnflhumjfzcqtgtddgbvh
000000000591,2,wghckpdwd,6229563715424089,,,27926,20200322001528,无
000000000592,2,hqoplptwyw,6239162713311094,,,4411,20040623023923,无
000000000593,1,ykypa,6238763705282173,,,3907,20051109043835,无
000000000594,3,awd,6244563706227833,afgfpg,6256867706228145,10168,20031226104245,urdhgajxalsqu
000000000595,4,afgfpg,6256867706228145,awd,6244563706227833,10168,20031226104245,urdhgajxalsqu
000000000596,3,cdworjcxd,6228178800235601,rhkyasffpo,6244862709474297,15054,20110319001006,无
000000000597,4,rhkyasffpo,6244862709474297,cdworjcxd,6228178800235601,15054,20110319001006,无
000000000598,2,njmhj,6229967706347602,,,6645,20101120011412,yjhslin
000000000599,1,ugxdjytiboy,6245065700285872,,,20454,20110104210809,hvszjtahmhltlttrkhvq
000000000600,1,sur,6239067708425678,,,918,20051008103600,zaxkjbocgzbfdvkkk
000000000601,1,dah,6242767714314619,,,20368,20080819013008,pkjldqdapqysinnzae
000000000602,2,gerndjwbf,6242460704284113,,,28392,20090305163516,无
000000000603,2,elttysbs,6249478817416686,,,10915,20051124084510,pdasqipuymlw
000000000604,2,ejcsbucnxfl,6242165705207841,,,13934,20221112182455,jueytcsehzdumszlpbbnwljbajy
000000000605,1,ibosr,6241463719316469,,,24836,20100319214742,无
000000000606,1,jtpnqpomnn,6233179805259439,,,24808,20220809205845,无
000000000607,2,uggufigqc,6239165709365323,,,6503,20060402060413,zbbosidhtksbvxp
000000000608,3,iavf,6243979812224478,jpohsng,6237178803372934,11255,20041113145751,无
000000000609,4,jpohsng,6237178803372934,iavf,6243979812224478,11255,20041113145751,无
000000000610,1,nkmiqpipgh,6255666706482826,,,753,20100616012529,无
000000000611,3,dlyllwgxlg,6237266701209698,vjgnkfriwh,6250465701439775,14498,20020828143113,无
000000000612,4,vjgnkfriwh,6250465701439775,dlyllwgxlg,6237266701209698,14498,20020828143113,无
000000000613,3,tsmogwmxyay,6267879809307980,siv,6241963711431722,12152,20141014102550,ezqexwmnjrlrwc
000000000614,4,siv,6241963711431722,tsmogwmxyay,6267879809307980,12152,20141014102550,ezqexwmnjrlrwc
000000000615,3,nyzqhkuos,6245662715411863,vrtgyjixt,6265070800425643,25519,20010208020233,无
000000000616,4,vrtgyjixt,6265070800425643,nyzqhkuos,6245662715411863,25519,20010208020233,无
000000000617,2,cbcvnrraln,6245365704398388,,,18567,20021202171728,无
000000000618,1,jcsyfg,6239363703473882,,,9852,20200427093403,无
000000000619,1,ivqyvc,6220378810224704,,,27438,20220218050643,xxsmnosblqcbfwxgbvzlq
000000000620,3,kunis,6238767705335769,skz,6240061710317069,24103,20070512035035,ncbascamieistskwswktud
000000000621,4,skz,6240061710317069,kunis,6238767705335769,24103,20070512035035,ncbascamieistskwswktud
000000000622,1,nqwzfqd,6244565702230558,,,6047,20070623113303,bmdopodgok
000000000623,1,tbraq,6255460707249268,,,31937,20051122133203,无
000000000624,1,rxulnd,6246478812310767,,,26565,20000514020814,jinptcuxdikxgblthujxti
000000000625,3,ubpwftt,6255964700273590,sweoffafcmq,6256879801362887,15358,20090624112311,wlexqzhxqeubvpqnigxzygsks
000000000626,4,sweoffafcmq,6256879801362887,ubpwftt,6255964700273590,15358,20090624112311,wlexqzhxqeubvpqnigxzygsks
000000000627,3,qlwbcpbmcc,6255479810325675,tkfxyfrdwb,6256260701451459,23410,20090318044141,无
000000000628,4,tkfxyfrdwb,6256260701451459,qlwbcpbmcc,6255479810325675,23410,20090318044141,无
000000000629,3,crsenjx,6264663700432621,dzqq,6255760700492652,31518,20000525071239,rpgdrgkmhlqfw
000000000630,4,dzqq,6255760700492652,crsenjx,6264663700432621,31518,20000525071239,rpgdrgkmhlqfw
000000000631,3,ddv,6251063702243724,fqaxjxsu,6235765716236416,1817,20130428125811,无
000000000632,4,fqaxjxsu,6235765716236416,ddv,6251063702243724,1817,20130428125811,无
000000000633,1,zocjzygcnvh,6246764707381402,,,20874,20020325111122,无
000000000634,1,crfx,6256967719424806,,,3489,20030523223728,x
000000000635,3,gpu,6246261702356218,jzomqft,6241462716237979,2836,20181227223719,无
000000000636,4,jzomqft,6241462716237979,gpu,6246261702356218,2836,20181227223719,无
000000000637,3,jvynxbvul,6269078806350323,fqoambpfz,6262563717312431,12837,20021009165019,无
000000000638,4,fqoambpfz,6262563717312431,jvynxbvul,6269078806350323,12837,20021009165019,无
000000000639,2,ztfikhizzb,6249865706245855,,,1460,20160823151730,无
000000000640,3,tid,6249762701371597,rqlhgvvugw,6241362710325687,10926,20040617091254,xahhsfzkarchhbfszojaysklgcgwpn
000000000641,4,rqlhgvvugw,6241362710325687,tid,6249762701371597,10926,20040617091254,xahhsfzkarchhbfszojaysklgcgwpn
000000000642,2,lipfd,6266564707409289,,,2684,20100628150143,无
000000000643,2,pri,6236979811222860,,,13368,20180828145242,无
000000000644,3,lx,6241578817235669,ubwmxmeqieo,6241065707228054,7938,20210212194544,无
000000000645,4,ubwmxmeqieo,6241065707228054,lx,6241578817235669,7938,20210212194544,无
000000000646,2,wzyrq,6238465706245392,,,15860,20011027190408,无
000000000647,2,kvjdxs,6262661714313494,,,26524,20010309055853,无
000000000648,1,srrijahxr,6251278813319238,,,16885,20140223042758,orhyoebpmcajwrqoju
000000000649,2,txevrwsrnom,6258767700236076,,,16936,20010511060029,无
000000000650,2,wehua,6246165718232004,,,1810,20031201200624,无
000000000651,1,zpogzs,6270465718239938,,,17472,20100317011646,无
000000000652,3,jeqyo,6250866707396678,vmngayjcr,6230066703494046,19131,20030621092733,无
000000000653,4,vmngayjcr,6230066703494046,jeqyo,6250866707396678,19131,20030621092733,无
000000000654,3,ixibgokkmyh,6238178807321283,hs,6237066709256923,10130,20101109041457,无
000000000655,4,hs,6237066709256923,ixibgokkmyh,6238178807321283,10130,20101109041457,无
000000000656,1,hrldtam,6231367719323655,,,27680,20181207203713,gejqvhatsdelbpwgzxpqvt
000000000657,3,zocjzygcnvh,6246764707381402,cmvlvz,6242660706235198,14658,20080619012844,s
000000000658,4,cmvlvz,6242660706235198,zocjzygcnvh,6246764707381402,14658,20080619012844,s
000000000659,1,nxdey,6229162718430627,,,22823,20150210202951,无
000000000660,3,wehua,6246165718232004,imbbrd,6250266700365008,1914,20041019120128,rctfjkzuwej
000000000661,4,imbbrd,6250266700365008,wehua,6246165718232004,1914,20041019120128,rctfjkzuwej
000000000662,2,gdpdhwe,6254561706287071,,,27261,20110503053003,无
000000000663,2,glc,6253260704498115,,,31454,20001109003510,无
000000000664,1,qcka,6231464718322096,,,22971,20150604003321,无
000000000665,1,yurlbgp,6241261701335428,,,30409,20210516131614,ivgggriwwvisiidja
000000000666,2,gasolitr,6240165707290122,,,26393,20110508090507,axqbujgyhtakdqjdukeg
000000000667,3,mjhc,6232064709384601,lb,6254460711314710,31092,20020811042948,无
000000000668,4,lb,6254460711314710,mjhc,6232064709384601,31092,20020811042948,无
000000000669,2,ygcw,6249260714328136,,,6827,20010814173542,mvxnayr
000000000670,2,wklgufmisjd,6249078811333889,,,19714,20100426125230,无
000000000671,3,sd,6227163707479840,ygcw,6249260714328136,12921,20070424084642,nhmmicwechsoatp
000000000672,4,ygcw,6249260714328136,sd,6227163707479840,12921,20070424084642,nhmmicwechsoatp
000000000673,3,igcvrnrubf,6238667718426375,adzdmu,6262178808472721,26170,20180618203351,mxbwy
000000000674,4,adzdmu,6262178808472721,igcvrnrubf,6238667718426375,26170,20180618203351,mxbwy
000000000675,1,ypwyooqjg,6245262703300282,,,28997,20070627144613,fczwdjjmqcwiaermirwxuo
000000000676,2,jzomqft,6241462716237979,,,21153,20170604192341,mwrewxeqsgxqcreuajfwqgiakl
000000000677,1,faygpwiqd,6258360706233999,,,6387,20150907214931,ixlo
000000000678,2,cijy,6257762717226789,,,9203,20191220230525,oeifsjs
000000000679,1,yfocduplaj,6245779801321841,,,4369,20001009104244,无
000000000680,1,npxfaxambc,6255666708323440,,,9551,20070223130915,无
000000000681,1,ntnybqckr,6259561704352772,,,8806,20091015060311,无
000000000682,1,rgbxtq,6247861706492540,,,27548,20220127095357,无
000000000683,1,qdfmctzzhwk,6245961719338596,,,5406,20200810110517,dgqiwkrgigzqlkssgbfh
000000000684,2,wkump,6257566708421397,,,20348,20150803072156,无
000000000685,1,lrpoqpsqzph,6258460702300197,,,7172,20100613202729,dtwahhhxduuaq
000000000686,2,fqagzvpa,6251361701247464,,,29900,20030606123448,jdsowtttjowttmi
000000000687,1,rdwq,6252161719214202,,,7452,20010103165720,qys
000000000688,2,irwgvup,6251066711425685,,,22926,20200801091558,mpaxdswoixdjctseotdvuxewhrnic
000000000689,1,dn,6257261700375007,,,26181,20130822151410,无
000000000690,3,ulfm,6247561715228484,wfn,6240167707221281,16977,20101116124836,sb
000000000691,4,wfn,6240167707221281,ulfm,6247561715228484,16977,20101116124836,sb
000000000692,1,twxu,6233365719232920,,,19463,20101228164246,无
000000000693,1,ovnfowywx,6254779805442887,,,32039,20010802071021,twbhndh
000000000694,2,saxhdgups,6232578818235393,,,3897,20220114113338,mfzodrbtiu
000000000695,1,gzxyebhl,6253464714336125,,,7105,20211001054746,clibtqvqkivhixq
000000000696,2,ctdul,6241266704344002,,,31159,20160527221435,无
000000000697,2,wlflxfm,6251164715231289,,,17453,20020623205854,e
000000000698,2,kvjdxs,6262661714313494,,,20826,20130520192016,zdvujppcwbxkuwsfzkttxeqxnvar
000000000699,2,bxqkk,6253360709320469,,,22280,20130228174641,tdkdnzmnvgkpvafdezzd
000000000700,3,hizwhuiqyo,6242979813413382,cx,6241463709376381,7579,20070810105049,无
000000000701,4,cx,6241463709376381,hizwhuiqyo,6242979813413382,7579,20070810105049,无
000000000702,2,spnhyo,6250465718213643,,,29153,20040301022344,zerltnbipcap
000000000703,3,kzyo,6247578808254101,mhlsni,6254567707269866,15774,20070619114031,无
000000000704,4,mhlsni,6254567707269866,kzyo,6247578808254101,15774,20070619114031,无
000000000705,3,hokgepnhnmw,6254964710412182,bffe,6249461704309418,4842,20050318145113,无
000000000706,4,bffe,6249461704309418,hokgepnhnmw,6254964710412182,4842,20050318145113,无
000000000707,1,gianp,6261878818330346,,,4879,20170507122411,无
000000000708,3,yqowfkoyl,6247665709365691,sjcye,6238766709272656,12997,20090110103645,无
000000000709,4,sjcye,6238766709272656,yqowfkoyl,6247665709365691,12997,20090110103645,无
000000000710,1,mrgyjbiqo,6255764719420760,,,15693,20100614050453,puzlwukvnlukh
000000000711,3,vmofeu,6247364708490739,gxnqvkosrf,6240365701226629,13213,20130117144447,uhytrelkzrnkhtyhlypgiykrq
000000000712,4,gxnqvkosrf,6240365701226629,vmofeu,6247364708490739,13213,20130117144447,uhytrelkzrnkhtyhlypgiykrq
000000000713,3,plhjwayc,6242165704240059,hrf,6263079805428287,21124,20220427122129,akdnfbhpkrhhnjpahoibdbjc
000000000714,4,hrf,6263079805428287,plhjwayc,6242165704240059,21124,20220427122129,akdnfbhpkrhhnjpahoibdbjc
000000000715,2,jhi,6238860707278033,,,22565,20080225080801,无
000000000716,2,zbmyxlj,6255962717431523,,,30892,20051113162915,无
000000000717,3,vkgehv,6236365707441720,oyxniooyc,6242378801464248,19304,20050418004043,无
000000000718,4,oyxniooyc,6242378801464248,vkgehv,6236365707441720,19304,20050418004043,无
000000000719,3,ijqtckdlua,6244363700467971,cdrjdz,6257662707328416,20190,20141107090117,无
000000000720,4,cdrjdz,6257662707328416,ijqtckdlua,6244363700467971,20190,20141107090117,无
000000000721,2,klj,6240165718211577,,,6657,20110711055952,ocehbggguvnw
000000000722,1,shwtytr,6251766706391636,,,28822,20070128050259,无
000000000723,1,ovnfowywx,6254779805442887,,,2667,20220105211840,wyjsjpkyqhipbvfjusgqixp
000000000724,3,kejq,6240266710334179,xefylfccic,6257579818425505,31486,20140222042950,kojfrpay
000000000725,4,xefylfccic,6257579818425505,kejq,6240266710334179,31486,20140222042950,kojfrpay
000000000726,2,twuqmkkzy,6252261707404906,,,20829,20020228111126,无
000000000727,1,udo,6245467705363532,,,31757,20180511011319,abvrdtfrupqlfrxhnc
000000000728,1,gwrfnk,6246365707350342,,,22726,20061203201703,ezitbv
000000000729,2,ujmrbtr,6261760706409573,,,4297,20080618114023,无
000000000730,2,iefenvad,6235966704331398,,,27662,20130926230623,khujdpsrugmtbkb
000000000731,1,klj,6240165718211577,,,14252,20220208224112,无
000000000732,2,lxfamkbwig,6253165707420370,,,11821,20001201214402,无
000000000733,3,hxwyl,6232278802298676,zaesdqwgq,6238878803357104,23879,20060422183236,vlkdsdodpsvr
000000000734,4,zaesdqwgq,6238878803357104,hxwyl,6232278802298676,23879,20060422183236,vlkdsdodpsvr
000000000735,3,hdd,6266962712224880,lucusfieghi,6240978804478102,7309,20200915013459,tsgbscmmdzypexgnjbhmcbibcrq
000000000736,4,lucusfieghi,6240978804478102,hdd,6266962712224880,7309,20200915013459,tsgbscmmdzypexgnjbhmcbibcrq
000000000737,2,jlfgdqnkzkm,6247161700283043,,,8433,20160619010527,zqvrimknsoeoriqumdb
000000000738,2,yhdrjhfd,6245465707364642,,,6568,20080603085000,zwmofziztnpez
000000000739,1,av,6248161701298295,,,20194,20050425090442,acvoygozsjbrue
000000000740,3,tsq,6244766704237197,bgerdkzm,6242565707383305,25159,20211113084331,无
000000000741,4,bgerdkzm,6242565707383305,tsq,6244766704237197,25159,20211113084331,无
000000000742,3,staqmoqnnn,6236567710312345,hu,6250067700244225,27810,20160723120907,无
000000000743,4,hu,6250067700244225,staqmoqnnn,6236567710312345,27810,20160723120907,无
000000000744,3,mmryknsmps,6236263709309479,kfgtwo,6251361709481491,16883,20210728141843,netlkrwakeaiehps
000000000745,4,kfgtwo,6251361709481491,mmryknsmps,6236263709309479,16883,20210728141843,netlkrwakeaiehps
000000000746,3,bctael,6257561709242817,cqycmi,6242862707359845,24313,20160912213344,无
000000000747,4,cqycmi,6242862707359845,bctael,6257561709242817,24313,20160912213344,无
000000000748,1,fddg,6259061707382532,,,23258,20120512184224,无
000000000749,1,cubhkckr,6252263707441493,,,28434,20070402154236,ekllgujrhngxof
000000000750,2,yrutyecq,6239267713328678,,,26347,20180410133022,无
000000000751,2,dlyllwgxlg,6237266701209698,,,3742,20051002194604,无
000000000752,1,xf,6248064711216308,,,23636,20071010132655,dffuglvmiwamhhfclhlxexffpl
000000000753,2,qhokw,6240464704357046,,,20809,20130304205813,无
000000000754,1,cubhkckr,6252263707441493,,,21992,20201219165110,无
000000000755,3,spnhyo,6250465718213643,ygcw,6249260714328136,12504,20211015034434,无
000000000756,4,ygcw,6249260714328136,spnhyo,6250465718213643,12504,20211015034434,无
000000000757,2,hczepmsnh,6236067719418976,,,11793,20111117205259,无
000000000758,2,effa,6239863703338405,,,18506,20120907223301,无
000000000759,1,lzuhafq,6247164700245083,,,8804,20000213005312,ceibgcshsycpkayrbazapfr
000000000760,1,gn,6255970819320049,,,3586,20100127231131,无
000000000761,2,irwmcsoznif,6241862710322142,,,17409,20160111232546,nfuwyruyzmadgeitdmljaybclkm
000000000762,2,fyxks,6233165706464122,,,9937,20010310094622,wmmwwr
000000000763,1,tsd,6248966705407657,,,22169,20140108234533,iplvfomlwunylelpgog
000000000764,1,kunis,6238767705335769,,,21644,20110620050548,无
000000000765,3,mxwiitxswi,6242566700345265,kmmgd,6250062701260238,11614,20191116041033,opsobiywtvhaveathomggsug
000000000766,4,kmmgd,6250062701260238,mxwiitxswi,6242566700345265,11614,20191116041033,opsobiywtvhaveathomggsug
000000000767,2,xrbtckjt,6245663707423293,,,14526,20190619142947,cazmigsce
000000000768,3,hkfqiyjr,6242467701390524,jft,6244867700399561,31524,20080502111300,bzadxtmtypqgubygwfcyao
000000000769,4,jft,6244867700399561,hkfqiyjr,6242467701390524,31524,20080502111300,bzadxtmtypqgubygwfcyao
000000000770,2,fgjqtojyvl,6245962701255909,,,27266,20090402070144,无
000000000771,3,inhtibad,6230763706281795,shwtytr,6251766706391636,23826,20051020105334,thrmbogjwqn
000000000772,4,shwtytr,6251766706391636,inhtibad,6230763706281795,23826,20051020105334,thrmbogjwqn
000000000773,1,hq,6242265707357233,,,21541,20050406134322,tgrgjennmdgvvocfptbfvao
000000000774,3,wxopvcefm,6238878806339459,hrxsctbk,6252263701436443,25060,20140806102835,usn
000000000775,4,hrxsctbk,6252263701436443,wxopvcefm,6238878806339459,25060,20140806102835,usn
000000000776,1,exk,6259079807393443,,,1373,20020313200259,jephgcngfmmlwvwd
000000000777,3,utfwrypnxz,6244962705269221,xgmh,6247462705490501,23558,20170515101545,无
000000000778,4,xgmh,6247462705490501,utfwrypnxz,6244962705269221,23558,20170515101545,无
000000000779,3,la,6228963716429525,emzdlnehlvp,6257162706252461,307,20210923172438,jjjdggthbtdirkcnvbfvifvaym
000000000780,4,emzdlnehlvp,6257162706252461,la,6228963716429525,307,20210923172438,jjjdggthbtdirkcnvbfvifvaym
000000000781,1,nbdnosq,6257064709223291,,,28741,20210819110520,无
000000000782,2,cmvlvz,6242660706235198,,,24054,20210427081619,pnjv
000000000783,2,sur,6239067708425678,,,26220,20060127145222,无
000000000784,2,ruyqgpvhf,6246863719419441,,,4435,20040610112412,j
000000000785,3,rqximoosh,6240266713410861,xmhlp,6239267708338990,5275,20100105213248,无
000000000786,4,xmhlp,6239267708338990,rqximoosh,6240266713410861,5275,20100105213248,无
000000000787,3,itwcomtyvaa,6259861700338757,zsapbzzfcd,6246761704204248,11473,20100526202625,无
000000000788,4,zsapbzzfcd,6246761704204248,itwcomtyvaa,6259861700338757,11473,20100526202625,无
000000000789,2,lrrgazaizmo,6237066706325086,,,3365,20141003230426,odqbo
000000000790,3,qmoqshjuz,6232564706226343,xdrxide,6245265712324591,365,20030626003002,无
000000000791,4,xdrxide,6245265712324591,qmoqshjuz,6232564706226343,365,20030626003002,无
000000000792,1,qhokw,6240464704357046,,,1781,20160921033229,emeapvaycjhkmnfiisqnpuuongeytv
000000000793,1,sna,6243260702379000,,,22839,20130410151504,无
000000000794,2,ovnfowywx,6254779805442887,,,588,20130319153313,无
000000000795,1,quglibzq,6258279800433425,,,3766,20120223042709,无
000000000796,3,mjhc,6232064709384601,eilmsdhh,6255265708450360,24817,20140507004229,kiomhyhimvu
000000000797,4,eilmsdhh,6255265708450360,mjhc,6232064709384601,24817,20140507004229,kiomhyhimvu
000000000798,1,cq,6245378808466929,,,26126,20030620191552,无
000000000799,1,qvq,6259579809332693,,,27107,20010222035549,无
000000000800,3,zaesdqwgq,6238878803357104,ymbcy,6246078815226933,26686,20090801125019,dlrvdoxickb
000000000801,4,ymbcy,6246078815226933,zaesdqwgq,6238878803357104,26686,20090801125019,dlrvdoxickb
000000000802,3,wquwhovoiw,6255161706428666,hkfqiyjr,6242467701390524,26791,20070903224356,无
000000000803,4,hkfqiyjr,6242467701390524,wquwhovoiw,6255161706428666,26791,20070903224356,无
000000000804,1,wkump,6257566708421397,,,27345,20051208104807,无
000000000805,1,cqdu,6245679804200996,,,27404,20061118180742,etrrkxfjdfdlpfbtbtmku
000000000806,2,ny,6254862704250847,,,9355,20210827145512,无
000000000807,3,wudifuvi,6261978801383342,itota,6236562702295423,2126,20220721191424,无
000000000808,4,itota,6236562702295423,wudifuvi,6261978801383342,2126,20220721191424,无
000000000809,1,iqbo,6255363706227917,,,5479,20120111195359,yueg
000000000810,2,pwriagbm,6239567702207981,,,1418,20110628085340,pcrilzpb
000000000811,3,ovhrihodxck,6257763705450280,fddg,6259061707382532,7512,20200707182235,无
000000000812,4,fddg,6259061707382532,ovhrihodxck,6257763705450280,7512,20200707182235,无
000000000813,2,hczhbasgx,6248560714426929,,,18297,20071119085242,无
000000000814,3,xmfjzutukmm,6251378801400031,pv,6232566700425014,19423,20090711112251,g
000000000815,4,pv,6232566700425014,xmfjzutukmm,6251378801400031,19423,20090711112251,g
000000000816,2,jqaq,6242361708495673,,,15808,20221227231523,aspw
000000000817,3,xf,6248064711216308,cojzbxd,6251061708243669,19008,20010722224015,vxcmqxagjniveyntqxzckkipdosslp
000000000818,4,cojzbxd,6251061708243669,xf,6248064711216308,19008,20010722224015,vxcmqxagjniveyntqxzckkipdosslp
000000000819,3,mhgyrayxdp,6237461709205967,dsxvcrqid,6247464708275802,4253,20140909234619,kl
000000000820,4,dsxvcrqid,6247464708275802,mhgyrayxdp,6237461709205967,4253,20140909234619,kl
000000000821,1,rxulnd,6246478812310767,,,10333,20181105232643,usc
000000000822,3,fyxks,6233165706464122,zz,6254161700488227,31380,20130805184119,mlgooyascfkcy
000000000823,4,zz,6254161700488227,fyxks,6233165706464122,31380,20130805184119,mlgooyascfkcy
000000000824,3,ubbssdcowrs,6257863700368163,sbtbdgkqaq,6259367716236804,19808,20080610071459,w
000000000825,4,sbtbdgkqaq,6259367716236804,ubbssdcowrs,6257863700368163,19808,20080610071459,w
000000000826,2,fxoaluy,6243678800465736,,,24129,20020326205741,pudjvdmvsmchdawaaiw
000000000827,3,gwjfkwcraxg,6249567711214252,fqbxluiiuul,6236061709365646,16207,20190126051213,无
000000000828,4,fqbxluiiuul,6236061709365646,gwjfkwcraxg,6249567711214252,16207,20190126051213,无
000000000829,3,jhlugy,6254967703453365,jywkqlifij,6260261708262224,22501,20020114234752,to
000000000830,4,jywkqlifij,6260261708262224,jhlugy,6254967703453365,22501,20020114234752,to
000000000831,3,cqpwvgk,6230762701294648,gdpdhwe,6254561706287071,30934,20151003150352,g
000000000832,4,gdpdhwe,6254561706287071,cqpwvgk,6230762701294648,30934,20151003150352,g
000000000833,1,pia,6237766708393147,,,20743,20051002094600,无
000000000834,1,ziesgegbgmg,6258365700498620,,,10932,20200812155920,grzun
000000000835,1,cl,6245462714432372,,,1593,20061112201655,miznhtkaphdljykmyyuer
000000000836,1,iypwtoyyrhh,6258064700365223,,,1392,20111015124224,btsnttxrgy
000000000837,1,wakqwr,6232166707469790,,,30623,20080528111828,kwpcbrocrl
000000000838,2,cglwdpudbtk,6237463708249671,,,1495,20000516051610,无
000000000839,1,lrh,6240660717325315,,,11614,20120318125345,anltfjgljfj
000000000840,3,jhlugy,6254967703453365,xuuh,6242862705482555,10235,20151208004744,无
000000000841,4,xuuh,6242862705482555,jhlugy,6254967703453365,10235,20151208004744,无
000000000842,2,bulavmlrk,6255164702367731,,,23578,20151211071357,h
000000000843,1,imwgauyx,6254378812228136,,,15919,20090111134942,fudkfddeejdtikmefxieh
000000000844,1,hghnv,6237565711427383,,,3831,20140403163010,ddvwhbamacbyiudsepkc
000000000845,2,qgau,6256860714215422,,,25372,20220503005148,djzgdusuaeljjdsnvxkmuwoklerl
000000000846,2,dy,6249163708484594,,,27056,20130603043050,无
000000000847,2,aecjygznm,6248266719329194,,,6989,20161118193501,lszgyzmrkwuzamaunchkx
000000000848,3,ucnhonacdld,6252064701354371,iypwtoyyrhh,6258064700365223,4988,20120123112111,pfiwnidir
000000000849,4,iypwtoyyrhh,6258064700365223,ucnhonacdld,6252064701354371,4988,20120123112111,pfiwnidir
000000000850,1,ol,6245760702367460,,,9899,20151110170756,无
000000000851,2,nszjacdgq,6248964717336935,,,18608,20170404001037,rowzwmjltbzviiqfgfkmx
000000000852,3,qeiiddvffx,6254878800423740,aj,6250765701308439,9280,20180711045555,hcrqsoz
000000000853,4,aj,6250765701308439,qeiiddvffx,6254878800423740,9280,20180711045555,hcrqsoz
000000000854,2,ai,6245464714419269,,,1222,20130901001016,无
000000000855,2,tzelcdjkho,6241666707276328,,,11209,20071019001102,nsywoqbnkzf
000000000856,1,yioycvysyr,6254862700448048,,,28430,20030826173024,无
000000000857,3,ozniubapo,6256461700434363,zboelbmjjrj,6251966705398462,17911,20030424113227,无
000000000858,4,zboelbmjjrj,6251966705398462,ozniubapo,6256461700434363,17911,20030424113227,无
000000000859,1,mmryknsmps,6236263709309479,,,5477,20060725031625,无
000000000860,1,mhgyrayxdp,6237461709205967,,,27978,20210209232231,gygbgbvfvqlfhaasuvpjx
000000000861,2,qkrqmqaishj,6230765700498524,,,997,20121220002229,hecoqi
000000000862,2,ospenqafmrm,6253466702246577,,,23618,20070918090740,无
000000000863,2,cdworjcxd,6228178800235601,,,23606,20050409104829,无
000000000864,3,ymbcy,6246078815226933,lciaol,6246163711224939,31697,20060603171556,无
000000000865,4,lciaol,6246163711224939,ymbcy,6246078815226933,31697,20060603171556,无
000000000866,1,ocjuzjch,6259863706438265,,,30710,20081121090430,无
000000000867,3,ppoolprzam,6245567714337448,drtkbcxtls,6225762700281438,22789,20090605192811,iglpcd
000000000868,4,drtkbcxtls,6225762700281438,ppoolprzam,6245567714337448,22789,20090605192811,iglpcd
000000000869,1,dkppzqbf,6246665719416822,,,7888,20150909012352,wxuigzqtidxoadjopgt
000000000870,3,sweoffafcmq,6256879801362887,kzi,6247360717426563,30559,20060701193334,lfareepdkhuykemgzkcckyixnayvka
000000000871,4,kzi,6247360717426563,sweoffafcmq,6256879801362887,30559,20060701193334,lfareepdkhuykemgzkcckyixnayvka
000000000872,1,ivqyvc,6220378810224704,,,23673,20050709131502,无
000000000873,2,gfoflvhhpi,6252462707263420,,,30321,20051216203959,cqt
000000000874,1,lakrurptm,6266962709263150,,,24305,20180120180213,无
000000000875,2,fqagzvpa,6251361701247464,,,28253,20010711205642,iphtefdab
000000000876,2,dzqq,6255760700492652,,,22588,20090527221411,无
000000000877,2,cuzvsrfd,6253364700451208,,,14780,20090221195502,ahyjnbhqrhmqpekd
000000000878,2,blahobkxkt,6237660707358631,,,1991,20110717193630,yctenrailbvrcfpxgb
000000000879,2,asvoqxrgf,6233367700368903,,,5720,20081221203541,yl
000000000880,3,hyfmro,6246465703354567,ecohmfvzczw,6237378805464746,1927,20200412231737,ztdklaaryvrmdujzgbogp
000000000881,4,ecohmfvzczw,6237378805464746,hyfmro,6246465703354567,1927,20200412231737,ztdklaaryvrmdujzgbogp
000000000882,3,jpohsng,6237178803372934,qk,6265760701406289,970,20130322044604,cpumlhvdbcj
000000000883,4,qk,6265760701406289,jpohsng,6237178803372934,970,20130322044604,cpumlhvdbcj
000000000884,2,xuuh,6242862705482555,,,19848,20211121034143,ajkrggpkvcwoxtfsdojfigeqp
000000000885,3,ymbcy,6246078815226933,mo,6251063700320657,23352,20150921152541,无
000000000886,4,mo,6251063700320657,ymbcy,6246078815226933,23352,20150921152541,无
000000000887,3,iqbo,6255363706227917,ewfawox,6239961716319960,9725,20170725220619,无
000000000888,4,ewfawox,6239961716319960,iqbo,6255363706227917,9725,20170725220619,无
000000000889,1,zynfyumfqj,6240963706452122,,,26777,20101121034534,snnaqrtlctcpynl
000000000890,2,bizgqox,6246065707341936,,,5254,20180109193522,无
000000000891,3,ypwyooqjg,6245262703300282,jlfgdqnkzkm,6247161700283043,18978,20040208131621,ohy
000000000892,4,jlfgdqnkzkm,6247161700283043,ypwyooqjg,6245262703300282,18978,20040208131621,ohy
000000000893,1,ydi,6259864708277885,,,2883,20080320232848,无
000000000894,3,mrlomjnrhv,6245962708286176,pv,6232566700425014,235,20211123231855,jnupqewgif
000000000895,4,pv,6232566700425014,mrlomjnrhv,6245962708286176,235,20211123231855,jnupqewgif
000000000896,1,tyyydapfo,6236462704444819,,,21713,20021222102037,无
000000000897,3,ymdixvqfy,6238864707247966,inlyvdqjuwy,6235560700302312,2043,20040707190543,无
000000000898,4,inlyvdqjuwy,6235560700302312,ymdixvqfy,6238864707247966,2043,20040707190543,无
000000000899,3,zynfyumfqj,6240963706452122,ncvpjjybbt,6254065714323909,25340,20031210001849,无
000000000900,4,ncvpjjybbt,6254065714323909,zynfyumfqj,6240963706452122,25340,20031210001849,无
000000000901,3,bzrqgfn,6236767706209540,doh,6241278805495664,11642,20051027095755,无
000000000902,4,doh,6241278805495664,bzrqgfn,6236767706209540,11642,20051027095755,无
000000000903,2,zboelbmjjrj,6251966705398462,,,5701,20080926175455,无
000000000904,1,qszziggsy,6264867706437964,,,31894,20130623092111,cyifjrbz
000000000905,3,blahobkxkt,6237660707358631,ppoolprzam,6245567714337448,13433,20010322174136,无
000000000906,4,ppoolprzam,6245567714337448,blahobkxkt,6237660707358631,13433,20010322174136,无
000000000907,3,djzrvwmeznq,6243064716437393,pfkskotvju,6239260700249183,11335,20131115142204,无
000000000908,4,pfkskotvju,6239260700249183,djzrvwmeznq,6243064716437393,11335,20131115142204,无
000000000909,1,oryaauk,6262466700340354,,,25395,20171220042249,fonsvqpvorgjyjthhurbkmjyldjmmt
000000000910,2,cyedvtxs,6250267702306138,,,1782,20040124034459,无
000000000911,3,hnw,6241867707267426,gmmybyabnz,6262278818414970,26565,20180602133009,无
000000000912,4,gmmybyabnz,6262278818414970,hnw,6241867707267426,26565,20180602133009,无
000000000913,3,cwhmhbrnm,6240564719321751,lk,6251078805468806,7703,20201125163000,无
000000000914,4,lk,6251078805468806,cwhmhbrnm,6240564719321751,7703,20201125163000,无
000000000915,1,vbqx,6233061707234854,,,1078,20010603161252,无
000000000916,3,unqkidztcs,6234564709275580,objjan,6247660712235049,4658,20050109191014,无
000000000917,4,objjan,6247660712235049,unqkidztcs,6234564709275580,4658,20050109191014,无
000000000918,1,ls,6254265703424605,,,25913,20030127132714,无
000000000919,2,itota,6236562702295423,,,27561,20060914164027,无
000000000920,2,kknlruodqhi,6258865700222148,,,9833,20210606110724,无
000000000921,2,agugdmpc,6257578808273240,,,2179,20190621181619,无
000000000922,1,sfanbbhq,6243262702251331,,,7339,20040517073943,无
000000000923,3,pv,6249466715433585,sjpflgyogsp,6237560707497815,22464,20040608221109,无
000000000924,4,sjpflgyogsp,6237560707497815,pv,6249466715433585,22464,20040608221109,无
000000000925,2,akbfltq,6233167712235827,,,31247,20151126181303,ypwwao
000000000926,2,igtwov,6252865708444910,,,15227,20161208113319,无
000000000927,1,lseksmpt,6251161708207321,,,31931,20020106023756,无
000000000928,2,semoshjf,6253966709289747,,,4028,20080428032853,无
000000000929,1,ivispyjoa,6260978802291785,,,1569,20220209074929,dwjgmkiecdsdvmy
000000000930,2,ixpv,6258361705436754,,,9483,20130517123714,无
000000000931,1,lot,6269862708325604,,,26987,20120412222031,fieshjraedzyan
000000000932,2,cdx,6245963700471218,,,25758,20150811052758,无
000000000933,1,yuga,6248363702388557,,,30586,20100404203034,无
000000000934,2,gr,6259563702331835,,,27030,20110521031344,无
000000000935,3,zxecgdxgyw,6254866713422408,hngpcht,6247766703488430,10916,20081014054624,无
000000000936,4,hngpcht,6247766703488430,zxecgdxgyw,6254866713422408,10916,20081014054624,无
000000000937,3,jcsyfg,6239363703473882,sygbywq,6238979809240825,3295,20090612015432,无
000000000938,4,sygbywq,6238979809240825,jcsyfg,6239363703473882,3295,20090612015432,无
000000000939,2,glc,6253260704498115,,,18143,20120621232248,无
000000000940,2,qszziggsy,6264867706437964,,,14318,20150917130317,jpqkfrhnvirihrwxlohmz
000000000941,1,thhjyvjytx,6244279812221265,,,15747,20051009004710,jemmusynkn
000000000942,1,qxm,6239879817330792,,,13742,20180618155831,fw
000000000943,3,okobqqcok,6243465705473867,oyxniooyc,6242378801464248,1470,20080328065100,bnxxenqeiefattrnwzfhrb
000000000944,4,oyxniooyc,6242378801464248,okobqqcok,6243465705473867,1470,20080328065100,bnxxenqeiefattrnwzfhrb
000000000945,2,xnyz,6247360714418416,,,24230,20060120060739,stkfhhnoavmhnoornyjpzaockn
000000000946,2,ptixr,6252578800463871,,,3606,20171206091648,无
000000000947,1,zjc,6246779806440703,,,20028,20201106211127,无
000000000948,2,djzrvwmeznq,6243064716437393,,,5571,20120708142845,honrdqnvpmxogecvxcv
000000000949,2,kbrznxpks,6235970802308825,,,7138,20181113155525,无
000000000950,3,rq,6230763708276619,tvgyxbys,6241878808402345,6405,20180326121745,无
000000000951,4,tvgyxbys,6241878808402345,rq,6230763708276619,6405,20180326121745,无
000000000952,2,qkrqmqaishj,6230765700498524,,,21726,20080716015901,无
000000000953,2,wkump,6257566708421397,,,21915,20110528174242,无
000000000954,2,od,6245664711312193,,,19919,20180911211702,dlfkwp
000000000955,1,itota,6236562702295423,,,19827,20090528165309,cfgv
000000000956,2,xumfhxv,6254362705434236,,,5790,20220316091339,无
000000000957,3,tzelcdjkho,6241666707276328,djlqygtxjo,6232766700275853,32493,20160209100926,无
000000000958,4,djlqygtxjo,6232766700275853,tzelcdjkho,6241666707276328,32493,20160209100926,无
000000000959,3,qfsjenois,6242667708370129,vvpgsm,6246379807282655,24135,20040415093915,无
000000000960,4,vvpgsm,6246379807282655,qfsjenois,6242667708370129,24135,20040415093915,无
000000000961,3,it,6260064706231563,gn,6255970819320049,25831,20221108180532,sbxzhfrqkjpqhb
000000000962,4,gn,6255970819320049,it,6260064706231563,25831,20221108180532,sbxzhfrqkjpqhb
000000000963,3,qfrpwwkm,6244166719210014,dzqq,6255760700492652,4222,20110426191140,无
000000000964,4,dzqq,6255760700492652,qfrpwwkm,6244166719210014,4222,20110426191140,无
000000000965,1,pttei,6237767706232119,,,3053,20130310003238,y
000000000966,2,bdbys,6243878808266214,,,21030,20140314013618,无
000000000967,3,hqoplptwyw,6239162713311094,rqp,6234361717410007,15307,20000206060843,无
000000000968,4,rqp,6234361717410007,hqoplptwyw,6239162713311094,15307,20000206060843,无
000000000969,1,ntlxwcs,6260466704223572,,,23912,20101219013916,无
000000000970,1,xboshdfqc,6253266704420950,,,17678,20100919002008,ikckymeanicgjrbareil
000000000971,2,qxm,6239879817330792,,,22368,20090913095538,bfqxphqqjwucqh
000000000972,3,az,6239662704365015,rljgxmaff,6248961705307003,14124,20220117023052,无
000000000973,4,rljgxmaff,6248961705307003,az,6239662704365015,14124,20220117023052,无
000000000974,2,lakrurptm,6266962709263150,,,16025,20020823215107,vnspcbycdiyzqczansekbcdcrbenw
000000000975,2,bzrqgfn,6236767706209540,,,8547,20200220015937,nzhfvlhueffxfdtmzhsetdqhgwl
000000000976,3,sycaqf,6229264716318528,szoxazxvm,6231779804494135,15133,20010120223108,rtgblxhyab
000000000977,4,szoxazxvm,6231779804494135,sycaqf,6229264716318528,15133,20010120223108,rtgblxhyab
000000000978,3,fqs,6245261709499904,mndvimkbuo,6236965703329981,21063,20120214054446,无
000000000979,4,mndvimkbuo,6236965703329981,fqs,6245261709499904,21063,20120214054446,无
000000000980,2,fqs,6245261709499904,,,27472,20130906115817,gbazmntpw
000000000981,1,tb,6234579807260292,,,6866,20161215173012,rlodscybobokmhhakqmum
000000000982,3,lxfamkbwig,6253165707420370,cdx,6245963700471218,21886,20030318110552,无
000000000983,4,cdx,6245963700471218,lxfamkbwig,6253165707420370,21886,20030318110552,无
000000000984,1,acd,6249279803489937,,,5729,20100417180633,hshqbebpm
000000000985,1,elttysbs,6249478817416686,,,8804,20140126050600,akkmijn
000000000986,1,ziesgegbgmg,6258365700498620,,,32384,20030207183806,无
000000000987,3,mndvimkbuo,6236965703329981,ucycxjacgn,6250463701493891,24992,20110312044737,flovnqhgddghzwqncpkuea
000000000988,4,ucycxjacgn,6250463701493891,mndvimkbuo,6236965703329981,24992,20110312044737,flovnqhgddghzwqncpkuea
000000000989,2,xrfrsup,6246678811430076,,,20045,20120223021942,无
000000000990,2,afazad,6241966701436430,,,18229,20010716021308,ren
000000000991,1,qsqpys,6250466702379524,,,26379,20100310055856,rcucfkqluxzjbbd
000000000992,3,iqxhxhkh,6250965709352967,aemqcxvd,6240864710223561,7221,20220317181255,无
000000000993,4,aemqcxvd,6240864710223561,iqxhxhkh,6250965709352967,7221,20220317181255,无
000000000994,3,wakqwr,6232166707469790,lciaol,6246163711224939,29573,20030411112418,wfcsrzkeyfctuy
000000000995,4,lciaol,6246163711224939,wakqwr,6232166707469790,29573,20030411112418,wfcsrzkeyfctuy
000000000996,1,oo,6249366700245570,,,28737,20180911224452,无
000000000997,1,skz,6240061710317069,,,31730,20040623040807,无
000000000998,3,jcsyfg,6239363703473882,fvstjqaam,6242379806298433,22499,20201011073237,oia
000000000999,4,fvstjqaam,6242379806298433,jcsyfg,6239363703473882,22499,20201011073237,oia
000000001000,3,ldnkqb,6264062704363265,kvjdxs,6262661714313494,23067,20211009201625,phdnrkqsaf
000000001001,4,kvjdxs,6262661714313494,ldnkqb,6264062704363265,23067,20211009201625,phdnrkqsaf
